ï»¿Regiao - Sigla;Estado - Sigla;Municipio;Revenda;CNPJ da Revenda;Nome da Rua;Numero Rua;Complemento;Bairro;Cep;Produto;Data da Coleta;Valor de Venda;Valor de Compra;Unidade de Medida;Bandeira;semestre;Regiao - Sigla
;MG;CAMPO BELO;HMAX COMBUSTIVEIS E LUBRIFICANTES LTDA; 17.756.002/0002-99;AVENIDA AFONSO PENA;1550;;CENTRO;37270-000;ETANOL;10/11/2021;5,499;;R$ / litro;BRANCA;2º semestre;SE
;RJ;PETROPOLIS;AUTO POSTO MECÂNICA CORONEL VEIGA LTDA.; 31.333.651/0001-27;RUA CORONEL VEIGA;259;;CENTRO;25655-150;GNV;13/07/2021;4,372;;R$ / m³;RAIZEN;2º semestre;SE
;RJ;DUQUE DE CAXIAS;GUERREIROS DE CAXIAS POSTO DE GASOLINA LTDA; 17.455.879/0001-69;AVENIDA DUQUE DE CAXIAS;641;;VILA ITAMARATI;25020-080;GASOLINA ADITIVADA;22/12/2021;7,196;;R$ / litro;VIBRA ENERGIA;2º semestre;SE
;RJ;CAMPOS DOS GOYTACAZES;POSTO LIDER LTDA; 28.890.267/0001-10;AVENIDA QUINZE DE NOVEMBRO;563;85;CAJU;28035-100;DIESEL S10;19/08/2021;4,699;;R$ / litro;VIBRA ENERGIA;2º semestre;SE
;SP;BARUERI;PARQUE DOS CAMARGOS COM. VAREJ. DE COMBUSTÍVEIS LTDA.; 10.306.689/0001-30;ESTRADA VELHA  DE ITAPEVI;3602;;VILA MILITAR;06444-000;ETANOL;28/10/2021;4,779;;R$ / litro;RAIZEN;2º semestre;SE
;PA;SANTAREM;AUTO POSTO TAMBAU LTDA.; 84.192.434/0001-20;AVENIDA BORGES LEAL;1045;;PRAINHA;68005-130;DIESEL S10;07/12/2021;5,76;;R$ / litro;VIBRA ENERGIA;2º semestre;N
;SC;CONCORDIA;ABASTECEDORA DE COMBUSTIVEIS SANTA CLARA LTDA; 02.331.925/0001-40;RUA MARCELINO RAMOS,;10;ESQ.C/R-29 DE JULHO;CENTRO;89700-001;ETANOL;31/08/2021;5,499;;R$ / litro;MAXSUL;2º semestre;S
;MG;SETE LAGOAS;POSTO J LTDA; 22.365.258/0002-05;AVENIDA MARECHAL CASTELO BRANCO;1300;;SÃO JORGE;35701-242;GASOLINA ADITIVADA;06/09/2021;6,399;;R$ / litro;VIBRA ENERGIA;2º semestre;SE
;SP;MAUA;AUTO POSTO NOVO OURO NEGRO LTDA; 12.030.552/0001-21;AVENIDA JOAO RAMALHO;446;;VILA NOEMIA;09371-905;DIESEL;08/08/2021;4,289;;R$ / litro;BRANCA;2º semestre;SE
;MS;DOURADOS;MONTE ALEGRE DERIVADOS DE PETROLEO LTDA; 04.541.738/0001-17;RUA MONTE ALEGRE;4310;;JARDIM OURO VERDE;79830-070;DIESEL S10;26/07/2021;4,639;;R$ / litro;RAIZEN;2º semestre;CO
;SP;SANTOS;AUTO POSTO E CENTRO DE CONVENIENCIA GLICERIO SANTISTA LTDA.; 02.839.196/0001-38;AVENIDA GENERAL FRANCISCO GLICERIO;369;A 387;JOSE MENINO;11065-401;DIESEL S10;13/12/2021;5,369;;R$ / litro;BRANCA;2º semestre;SE
CO;MT;CUIABA;MTSS AUTO POSTO LTDA; 29.416.833/0001-10;RUA COMANDANTE COSTA;2240;;CENTRO SUL;78020-400;ETANOL;22/03/2021;3,998;;R$ / litro;IPIRANGA;1º semestre;
NE;PE;RECIFE;PETRO AGAMENON COMBUSTIVEL LTDA; 09.462.260/0001-53;AVENIDA AGAMENON MAGALHAES;501;;SANTO AMARO;50110-000;ETANOL;02/03/2021;4,199;;R$ / litro;DISLUB;1º semestre;
;SP;BEBEDOURO;AUTO POSTO BRUTUS BEBEDOURO LTDA; 35.235.646/0001-32;RUA NORIVAL RODRIGUES FARIA;50;;JARDIM JULIA;14706-030;DIESEL;30/08/2021;4,399;;R$ / litro;BRANCA;2º semestre;SE
;CE;CRATO;M. T. M. PETROLEO LTDA; 02.707.042/0001-92;AVENIDA PADRE CICERO;1832;;SAO MIGUEL;63122-440;ETANOL;24/11/2021;5,5;;R$ / litro;BRANCA;2º semestre;NE
;TO;GURUPI;AUTO POSTO SOL NASCENTE LTDA -EPP; 14.595.639/0001-71;AVENIDA   SERGIPE;2647;;JARDIM ELDORADO;77403-120;DIESEL S10;27/12/2021;5,59;;R$ / litro;RAIZEN;2º semestre;N
;SP;HORTOLANDIA;AUTO POSTO GRUMARI HORTOLANDIA LTDA; 21.975.726/0001-10;AVENIDA ANHANGUERA;1001;;VILA REAL;13183-140;GASOLINA ADITIVADA;25/10/2021;6,299;;R$ / litro;RAIZEN;2º semestre;SE
;GO;GOIANIA;POSTO SABADIN II LTDA; 05.083.451/0001-53;AVENIDA BRASIL;688;QUADRA31                  LOTE  01/10 A;JARDIM DA LUZ;74850-545;DIESEL;15/11/2021;5,349;;R$ / litro;VIBRA ENERGIA;2º semestre;CO
;RJ;NOVA FRIBURGO;POSTO CONS PAULINO LTDA; 30.542.070/0001-32;RODOVIA RJ 116;SN;KM 88;CONSELHEIRO PAULINO;28625-270;DIESEL S10;22/12/2021;5,499;;R$ / litro;RAIZEN;2º semestre;SE
SE;MG;UBERLANDIA;AUTO POSTO 81 LTDA; 06.090.064/0001-07;AVENIDA CESARIO ALVIM;81;;CENTRO;38400-096;GASOLINA;23/06/2021;5,889;;R$ / litro;IPIRANGA;1º semestre;
;SP;GUARULHOS;AUTO POSTO VILA GALVAO LTDA; 49.045.123/0001-38;RUA TREZE DE MAIO;313;;VILA GALVO;07071-050;GASOLINA ADITIVADA;27/07/2021;5,699;;R$ / litro;RAIZEN;2º semestre;SE
NE;CE;FORTALEZA;ORGANIZAÃÃO DE COMBUSTIVEIS E PEÃAS LTDA.; 07.840.507/0004-45;AV. DEDE BRASIL;5,255;;CASTELÃO;60740-000;GASOLINA;30/05/2021;5,77;;R$ / litro;RAIZEN;1º semestre;
;SP;JOSE BONIFACIO;AUTO POSTO CERRADAO J B LTDA; 01.458.549/0001-97;AVENIDA JOSE ANTONIO PINTO;842;TERREO;VILA SAUDADE;15200-000;DIESEL;17/11/2021;5,199;;R$ / litro;BRANCA;2º semestre;SE
;RJ;PETROPOLIS;BR CORONEL VEIGA COMBUSTIVEIS LTDA; 10.514.757/0001-57;RUA CORONEL VEIGA;687;;CORONEL VEIGA;25655-156;ETANOL;29/08/2021;5,699;;R$ / litro;VIBRA ENERGIA;2º semestre;SE
SE;SP;RIBEIRAO PIRES;AUTO POSTO SULIMAR LTDA; 49.537.707/0001-20;RUA FRANCISCO TOMETICH;3200;;PONTE SECA;09412-190;DIESEL S10;10/05/2021;4,599;;R$ / litro;BRANCA;1º semestre;
;MG;UBERLANDIA;URSA MAIOR DERIVADOS DE PETROLEO LTDA; 07.586.114/0001-04;AVENIDA AFONSO PENA;1111;;APARECIDA;38400-706;GASOLINA ADITIVADA;24/08/2021;6,299;;R$ / litro;IPIRANGA;2º semestre;SE
S;RS;CAXIAS DO SUL;PETROPARQUE COMERCIO DE COMBUSTIVEIS E DERIVADOS LTDA; 17.376.243/0002-02;AVENIDA DOUTOR MARIO LOPES;768;;NOSSA SENHORA DE FATIMA;95043-240;ETANOL;10/05/2021;5,498;;R$ / litro;RODOIL;1º semestre;
;RS;NOVO HAMBURGO;FARGO COMERCIAL DE COMBUSTIVEIS LTDA; 30.064.681/0001-12;AVENIDA PEDRO ADAMS FILHO;1555;;RONDONIA;93320-395;DIESEL;16/09/2021;4,299;;R$ / litro;BRANCA;2º semestre;S
SE;SP;SOROCABA;AUTO POSTO 2400 LTDA; 59.541.383/0001-58;AVENIDA GENERAL CARNEIRO;2400;;CERRADO;18043-004;DIESEL;11/05/2021;4,499;;R$ / litro;IPIRANGA;1º semestre;
;CE;JUAZEIRO DO NORTE;MG DERIVADOS DE PETROLEO LTDA; 03.225.783/0001-08;AVENIDA AILTON GOMES;875;;PIRAJA;63020-000;DIESEL S10;01/09/2021;5,17;;R$ / litro;VIBRA ENERGIA;2º semestre;NE
SE;SP;SUMARE;POSTO SEIS DE JULHO LTDA; 55.386.106/0001-67;AVENIDA MINASA;887;;DO MATAO;13180-400;GASOLINA;12/04/2021;5,199;;R$ / litro;IPIRANGA;1º semestre;
;ES;ARACRUZ;AUTO POSTO DE COMBUSTIVEL SAO JOSE LTDA; 34.309.213/0001-11;RUA ANJO RAPHAEL;29;;GUAXINDIBA;29194-791;DIESEL;15/09/2021;4,54;;R$ / litro;BRANCA;2º semestre;SE
;SP;MOGI GUACU;AUTO POSTO NIGÉRIA LTDA; 65.733.545/0001-52;AVENIDA EMILIA MARCHI MARTINI;1826;;CHACARA NOVA ODESSA;13840-090;GASOLINA;27/10/2021;6,299;;R$ / litro;VIBRA ENERGIA;2º semestre;SE
S;SC;ITAJAI;POLI GNV COMERCIAL LTDA; 08.048.193/0001-62;AVENIDA TEPORTI;100;;CORDEIROS;88311-460;ETANOL;20/06/2021;4,995;;R$ / litro;ALESAT;1º semestre;
;SP;JUNDIAI;AUTO POSTO ROBERTAO LTDA; 48.822.076/0001-29;AVENIDA 14 DE DEZEMBRO;925;;VILA RAMI;13206-010;GASOLINA ADITIVADA;20/10/2021;6,099;;R$ / litro;IPIRANGA;2º semestre;SE
;PA;ALENQUER;A L VIEIRA DA SILVA - EPP; 14.156.566/0001-11;ESTRADA PAES DE CARVALHO;S/N;;PLANALTO;68200-000;GASOLINA ADITIVADA;18/08/2021;6,69;;R$ / litro;EQUADOR;2º semestre;N
;SP;SAO BERNARDO DO CAMPO;POSTO DE COMBUSTIVEIS VERDE BRASIL LTDA.; 09.073.411/0001-81;AVENIDA ALVARO GUIMARAES;852;;PLANALTO;09890-003;ETANOL;02/11/2021;5,299;;R$ / litro;IPIRANGA;2º semestre;SE
;AM;MANAUS;POSTO 3000 LTDA; 84.479.997/0001-02;AVENIDA DJALMA BATISTA;935;FUNDOS PARA AV CONSTANTINO NERY N° 1255 CHAPADA;SÃO GERALDO;69050-010;ETANOL;04/10/2021;4,799;;R$ / litro;SABBÁ;2º semestre;N
;GO;CALDAS NOVAS;AUTO POSTO ITAGUAI LTDA; 17.853.399/0001-56;RUA C ESQ C/ RUA 06;S/N;QD 44, LT 18;ITAGUAI III;75690-000;DIESEL S10;28/07/2021;4,597;;R$ / litro;BRANCA;2º semestre;CO
SE;SP;SAO PAULO;ARRAIAS DO ARAGUAIA AUTO POSTO LTDA; 55.783.450/0001-90; PTE  ARICANDUVA;8624;;J S CRISTOVAO;08210-040;GASOLINA;09/03/2021;5,399;;R$ / litro;IPIRANGA;1º semestre;
S;PR;LONDRINA;AUTO POSTO MUFFATO LTDA; 13.616.378/0007-51;RUA QUINTINO BOCAIUVA;1358;TERREO;CENTRO;86020-150;GASOLINA ADITIVADA;04/01/2021;4,49;;R$ / litro;RAIZEN;1º semestre;
;MG;BELO HORIZONTE;POSTO JUPITER LTDA; 38.619.219/0001-46;AVENIDA TEREZA CRISTINA;2850;;PADRE EUSTAQUIO;30720-230;GASOLINA ADITIVADA;14/09/2021;6,304;;R$ / litro;VIBRA ENERGIA;2º semestre;SE
S;RS;SAPUCAIA DO SUL;ABASTECEDORA DE COMBUSTIVEIS LUCIO BITTENCOURT LTDA; 27.858.156/0001-64;AVENIDA LUCIO BITTENCOURT;50;;CENTRO;93214-170;DIESEL S10;18/02/2021;3,599;;R$ / litro;RAIZEN;1º semestre;
NE;PI;PARNAIBA;POSTO MAIS PINHEIRO MACHADO LTDA; 30.293.594/0001-37;AVENIDA DEPUTADO PINHEIRO MACHADO;919;;PIAUI;64208-335;DIESEL;23/06/2021;4,69;;R$ / litro;BRANCA;1º semestre;
;RS;SANTA ROSA;SSM COMBUSTIVEIS LTDA; 21.614.280/0001-06;AVENIDA INHACORA;307;;CENTRO;98900-000;DIESEL;04/07/2021;4,49;;R$ / litro;BRANCA;2º semestre;S
;MG;GOVERNADOR VALADARES;LESTE MINAS COMBUSTIVEIS LTDA; 28.941.498/0001-06;RUA MATHIAS LOBATO;60;;CIDADE NOVA;35063-010;ETANOL;22/09/2021;4,69;;R$ / litro;VIBRA ENERGIA;2º semestre;SE
S;SC;ARARANGUA;COMERCIAL MAZZUCO LTDA; 82.566.944/0001-95;ALAMEDA ANTONIO ALVES DA SILVA;1500;;JARDIM CIBELI;88901-190;GASOLINA ADITIVADA;30/06/2021;5,569;;R$ / litro;VIBRA ENERGIA;1º semestre;
NE;BA;FEIRA DE SANTANA;PETROMASA DERIVADOS DE PETROLEO LIMITADA; 14.337.638/0001-27;AVENIDA PRESIDENTE DUTRA;428;A;PILAO;44001-544;GNV;13/04/2021;3,09;;R$ / mÂ³;BRANCA;1º semestre;
;PI;TERESINA;SOFERRO COMBUSTIVEIS LTDA; 18.041.477/0001-80;AVENIDA JOAQUIM NELSON;1300;;DIRCEU;64078-225;DIESEL;24/08/2021;4,861;;R$ / litro;BRANCA;2º semestre;NE
;RS;ESTEIO;GV COMERCIAL DE COMBUSTIVEIS LTDA; 09.405.773/0001-22;RUA NOVO HAMBURGO;1020;;PARQUE AMADOR;93280-300;DIESEL S10;02/11/2021;4,999;;R$ / litro;BRANCA;2º semestre;S
;PI;TERESINA;DIVINO PETROLEO EIRELI; 26.434.759/0001-76;RUA ANTONIO VIANA (N SRA GUIA);2129;QUADRAG                   LOTE  01;BEIRA RIO;64075-505;ETANOL;20/12/2021;5,59;;R$ / litro;VIBRA ENERGIA;2º semestre;NE
;SP;SUMARE;GOLDEN SUMARE AUTO POSTO LTDA; 11.967.543/0001-07;AVENIDA UM;5985;;JARDIM NOVA TERRA (NOVA VENEZA);13179-060;GASOLINA ADITIVADA;13/09/2021;5,759;;R$ / litro;BRANCA;2º semestre;SE
;PA;ANANINDEUA;POSTO IRMAS MARTINI COMERCIO VAREJISTA DE COMBUSTIVEIS LTDA; 24.322.862/0002-80;RODOVIA TRANSCOQUEIRO;55;B;COQUEIRO;67113-345;GASOLINA;17/11/2021;6,699;;R$ / litro;SABBÁ;2º semestre;N
CO;GO;GOIANIA;MAMMUT COMBUSTIVEIS LTDA; 27.434.726/0001-99;AVENIDA VERA CRUZ;1867;QUADRA120                 LOTE  1/3;JD GUANABARA;74675-830;GASOLINA ADITIVADA;27/05/2021;5,99;;R$ / litro;BRANCA;1º semestre;
;SP;OURINHOS;M.N. COMERCIO DE DERIVADOS DE PETROLEO OURINHOS LTDA; 02.585.224/0001-38;AVENIDA JACINTO FERREIRA DE SA;831;;VILA PERINO;19911-721;GASOLINA;24/11/2021;6,499;;R$ / litro;BRANCA;2º semestre;SE
;MG;MONTE CARMELO;AUTO POSTO AGUA LIMPA LTDA; 30.057.296/0001-48;AVENIDA XV DE NOVEMBRO;768;;BOA VISTA;38500-000;DIESEL S10;18/11/2021;5,559;;R$ / litro;VIBRA ENERGIA;2º semestre;SE
NE;BA;ILHEUS;MS DERIVADOS DE PETROLEO ILHEUS LTDA; 22.945.416/0001-15;AVENIDA UBAITABA ATE 628;713;;MALHADO;45651-520;GASOLINA;27/06/2021;6,079;;R$ / litro;BRANCA;1º semestre;
S;RS;SAO LEOPOLDO;SAGRES COMERCIO DE COMBUSTIVEIS LTDA; 89.774.699/0002-31;AVENIDA UNISINOS;355;;PADRE REUS;93020-175;GASOLINA;25/02/2021;5,249;;R$ / litro;BRANCA;1º semestre;
;MG;UBERLANDIA;MP AUTO POSTO COMERCIO DE DERIVADOS DE PETROLEO LTDA.; 11.913.793/0001-56;RUA PADRE AMERICO CEPPI;398;;BRASIL;38400-672;DIESEL;08/11/2021;5,359;;R$ / litro;VIBRA ENERGIA;2º semestre;SE
SE;SP;CAMPINAS;POSTO CAFE BRASIL LTDA; 01.627.158/0001-59;AVENIDA DR ANTONIO C C BARROS;2337;;JD. CONCEICAO;13024-500;GASOLINA;22/02/2021;4,997;;R$ / litro;BRANCA;1º semestre;
;MT;CUIABA;COMERCIAL DE COMBUSTIVEIS SANTA EDWIGES LTDA; 01.877.629/0001-87;AVENIDA HIST. RUBENS DE MENDONCA;119;ESQ. C/ AVE. ALENKER;CPA I;78055-000;DIESEL S10;09/12/2021;5,799;;R$ / litro;VIBRA ENERGIA;2º semestre;CO
NE;SE;NOSSA SENHORA DO SOCORRO;A. C. DERIVADOS DE PETROLEO LTDA; 11.439.151/0001-67;RODOVIA BR 101;S/N;KM    89;PALESTINA;49160-000;DIESEL;16/06/2021;4,529;;R$ / litro;RAIZEN;1º semestre;
;SP;SAO JOSE DO RIO PRETO;POSTO ATARUMIN DE SAO JOSE DO RIO PRETO LTDA.; 05.105.805/0001-13;AVENIDA DOUTOR ERNANI PIRES DOMINGUES;1850;;ELDORADO;15043-180;ETANOL;24/11/2021;4,949;;R$ / litro;RAIZEN;2º semestre;SE
;RJ;DUQUE DE CAXIAS;JOFEMAL ORGANIZACAO DE POSTOS DE SERVICOS LTDA; 29.308.111/0001-41;RODOVIA WASHINGTON LUIZ;5750;;JARDIM GRAMACHO;25055-009;GASOLINA;21/09/2021;6,496;;R$ / litro;BRANCA;2º semestre;SE
SE;MG;ITUIUTABA;POSTO VITORIA JUNQUEIRA EIRELI; 26.157.425/0004-45;RUA TRINTA E TRES;121;;SETOR SUL;38300-030;DIESEL S10;09/03/2021;4,14;;R$ / litro;BRANCA;1º semestre;
SE;SP;SAO JOSE DO RIO PRETO;AUTO POSTO COLLA & SILVA LTDA; 05.242.195/0001-08;AVENIDA ALFREDO ANTONIO DE OLIVEIRA;2685;;JD. PLANALTO;15046-600;GASOLINA;01/02/2021;4,579;;R$ / litro;PETROBRAS DISTRIBUIDORA S.A.;1º semestre;
;MT;RONDONOPOLIS;RODEP COMERCIO DE COMBUSTIVEL E TRANSPORTE LTDA; 08.490.193/0001-18;RODOVIA BR 364;S/N;KM 206,5;AREAS PERIFERICAS;78750-181;DIESEL;21/12/2021;5,429;;R$ / litro;VIBRA ENERGIA;2º semestre;CO
;SP;SAO PAULO;AUTO POSTO CASA NOVA LTDA; 48.926.448/0001-67;AVENIDA DO ORATORIO;1,892;;VILA INDEPENDENCIA;03220-000;DIESEL S10;21/12/2021;5,299;;R$ / litro;RAIZEN;2º semestre;SE
;CE;FORTALEZA;VM FERNANDES COMÉRCIO DE COMBUSTÍVEIS LTDA; 02.756.334/0003-87;AVENIDA DOS EXPEDICIONÁRIOS;9977;;ITAPERI;60410-411;GASOLINA;25/07/2021;5,99;;R$ / litro;VIBRA ENERGIA;2º semestre;NE
;SC;SAO JOSE;AUTO POSTO ULY LTDA; 23.830.526/0001-02;RUA IMBITUBA;130;;BELA VISTA;88110-350;GASOLINA ADITIVADA;17/08/2021;5,999;;R$ / litro;IPIRANGA;2º semestre;S
;SP;BIRIGUI;AUTO POSTO BICHIM II LTDA; 00.733.530/0001-49;RUA TUPI;879;;VILA GIAMPIETRO;16200-000;ETANOL;15/07/2021;3,999;;R$ / litro;BRANCA;2º semestre;SE
SE;SP;CUBATAO;AUTO POSTO CUBATAO LTDA; 47.498.829/0001-20;AVENIDA NOVE DE ABRIL;1845;;CENTRO;11510-000;GASOLINA ADITIVADA;11/05/2021;5,999;;R$ / litro;RAIZEN;1º semestre;
;GO;RIO VERDE;POSTO 7 LTDA; 00.893.669/0001-50;AVENIDA PRESIDENTE VARGAS;503;;JARDIM PRESIDENTE;75908-420;GASOLINA;06/12/2021;7,19;;R$ / litro;IPIRANGA;2º semestre;CO
;RJ;DUQUE DE CAXIAS;AUTO POSTO DO TRABALHO S/A; 03.139.910/0025-15;RODOVIA WASHINGTON LUIZ;12420;SITIO 21                  AREA C1;PILAR;25213-005;ETANOL;24/08/2021;5,299;;R$ / litro;BRANCA;2º semestre;SE
NE;BA;SALVADOR;AUTO POSTO MERIDIONAL LTDA; 40.585.119/0001-98;RUA FERNANDES VIEIRA;54;;CENTRO;40411-560;ETANOL;21/06/2021;4,85;;R$ / litro;BRANCA;1º semestre;
;SP;JUNDIAI;ITALIA DE JUNDIAI POSTO DE SERVICOS LTDA; 34.262.784/0001-48;RUA DOS BANDEIRANTES;1118;;PONTE DE CAMPINAS;13201-130;GASOLINA;04/11/2021;6,299;;R$ / litro;RAIZEN;2º semestre;SE
SE;SP;POA;AUTO POSTO ESTÃNCIA HIDROMINERAL DE POÃ LTDA.; 03.017.060/0001-05;AVENIDA PREFEITO FRANCISCO RODRIGUES FILHO;300;;CENTRO;08561-200;ETANOL;05/01/2021;2,99;;R$ / litro;BRANCA;1º semestre;
CO;GO;GOIANIA;POSTO Z + Z T-9 LTDA; 03.077.437/0001-11;AVENIDA T 9;3296;QD 256 LT 12E;JARDIM AMERICA;74255-220;ETANOL;24/03/2021;3,99;;R$ / litro;BRANCA;1º semestre;
;SP;JALES;BERNARDO & ROSSINI COMERCIO DE COMBUSTIVEIS LTDA; 09.093.968/0001-84;AVENIDA AFONSO ROSSAFA MOLINA;3164;;SANTO EXPEDITO;15700-002;ETANOL;24/11/2021;5,379;;R$ / litro;BRANCA;2º semestre;SE
SE;RJ;NILOPOLIS;AUTO POSTO CIGANO LIMITADA; 30.135.974/0001-43;RUA ANTONIO JOSE BITENCOURT;1576;;CENTRO;26535-000;ETANOL;01/02/2021;4,459;;R$ / litro;PETROBRAS DISTRIBUIDORA S.A.;1º semestre;
;RJ;BELFORD ROXO;AUTO POSTO DO TRABALHO S/A; 03.139.910/0037-59;AVENIDA JOAQUIM DA COSTA LIMA;14201;;DOS FERREIRAS;26183-604;ETANOL;22/11/2021;6,089;;R$ / litro;BRANCA;2º semestre;SE
S;PR;MARINGA;PUPIM COMBUSTIVEIS E LUBRIFICANTES LTDA.; 82.467.911/0001-98;AVENIDA MORANGUEIRA;3,52;ZONA 46;CHACARAS ALVORADA;87035-060;ETANOL;29/06/2021;4,49;;R$ / litro;IPIRANGA;1º semestre;
CO;DF;BRASILIA;CASCOL COMBUSTIVEIS PARA VEICULOS LTDA; 00.306.597/0090-72;QUADRA QS 320 CONJUNTO 10 LOTE;2;;SAMAMBAIA;72310-510;ETANOL;02/06/2021;4,839;;R$ / litro;BRANCA;1º semestre;
;CE;FORTALEZA;J A COMERCIO COMBUSTIVEIS LTDA; 02.696.818/0001-16;AV JORNALISTA TOMAZ COELHO;2960;A;JANGURUSSU;60534-160;GASOLINA ADITIVADA;01/12/2021;7,099;;R$ / litro;BRANCA;2º semestre;NE
;SP;MAUA;POSTO DE SERVICOS ZAIRA LTDA; 21.021.106/0001-41;AVENIDA   LUIS GONZAGA DO AMARAL;438;;JARDIM ZAIRA;09320-630;DIESEL S10;06/10/2021;5,049;;R$ / litro;VIBRA ENERGIA;2º semestre;SE
NE;BA;CAMACARI;POSTO DE COMBUSTIVEIS BUSCA VIDA LTDA; 28.315.993/0001-00;RUA C;27;LOTEAMENTO JARDIM FL      AMBOYANTS;VILA DE ABRANTES;42840-000;ETANOL;26/01/2021;3,52;;R$ / litro;BRANCA;1º semestre;
;RJ;VOLTA REDONDA;POSTO BARBARA LTDA; 32.489.114/0001-33;VIA SERGIO BRAGA;1070;;PONTE ALTA;27265-601;GASOLINA ADITIVADA;23/08/2021;6,649;;R$ / litro;BRANCA;2º semestre;SE
;PB;CAMPINA GRANDE;W A BARRETO E CIA LTDA; 70.098.470/0003-87;RUA CONSUL JOSEPH NOUJAIM HABIB NACAD;1001;;CATOLE;58410-260;GASOLINA ADITIVADA;27/09/2021;6,139;;R$ / litro;IPIRANGA;2º semestre;NE
;SC;MAFRA;POSTO RODA 7 LTDA; 09.150.753/0001-58;AVENIDA PRESIDENTE NEREU RAMOS;1695;;JARDIM MOINHO;89300-001;GASOLINA ADITIVADA;23/11/2021;6,579;;R$ / litro;DIBRAPE;2º semestre;S
;SP;ITAPIRA;AUTO POSTO J N DE ITAPIRA LTDA - ME; 00.611.991/0001-49;RUA DR FRCO DE P M BARBOSA;680;;CENTRO;13972-012;DIESEL S10;13/10/2021;4,949;;R$ / litro;BRANCA;2º semestre;SE
SE;RJ;SAQUAREMA;POSTO DE GASOLINA NUNES & COSTA LIMITADA; 32.144.917/0001-56;RODOVIA AMARAL PEIXOTO;273;KM    70;BACAXA;28993-000;GASOLINA ADITIVADA;08/06/2021;6,589;;R$ / litro;IPIRANGA;1º semestre;
;PA;ITAITUBA;L C ALMEIDA GOMES FREIRE EIRELI; 05.925.849/0001-90;TRAVESSA VICTOR CAMPOS;66;;CENTRO;68180-070;DIESEL S10;02/09/2021;4,89;;R$ / litro;BRANCA;2º semestre;N
;SC;TUBARAO;AUTO POSTO OSORIO LTDA; 82.968.322/0001-93;RODOVIA BR 101;1387;KM    342;SAO CRISTOVAO;88708-350;DIESEL;15/09/2021;4,489;;R$ / litro;VIBRA ENERGIA;2º semestre;S
;SP;COTIA;PORTAL DA GRANJA COMERCIO VAREJISTA DE COMBUSTIVEIS LTDA; 20.495.475/0001-03;AVENIDA SAO CAMILO;1181;;GRANJA VIANA;06709-150;ETANOL;23/08/2021;4,299;;R$ / litro;BRANCA;2º semestre;SE
CO;MT;VARZEA GRANDE;W. NUNES BISSOLI LTDA; 12.478.451/0001-18;AVENIDA ALZIRA SANTANA (LOT C N S GUIA);125;;CENTRO-SUL;78130-005;DIESEL S10;24/06/2021;4,949;;R$ / litro;BRANCA;1º semestre;
;SP;TAUBATE;AUTO POSTO IAVE ROI LTDA; 15.376.321/0001-62;RUA SÃO PEDRO;1870;;BOSQUE DA SAUDE;12082-010;ETANOL;06/07/2021;3,999;;R$ / litro;BRANCA;2º semestre;SE
;MT;VARZEA GRANDE;REDE DE POSTOS DA HORA LTDA; 19.754.617/0001-20;AVENIDA ALZIRA SANTANA;S/N;;JARDIM COSTA VERDE;78128-474;ETANOL;21/09/2021;4,39;;R$ / litro;RAIZEN;2º semestre;CO
SE;SP;DIADEMA;AUTO POSTO COUVERT LTDA; 64.537.764/0001-01;AVENIDA VITORINO FREIRE;281;;CENTRO;09910-000;GASOLINA;12/01/2021;4,498;;R$ / litro;PETROBRAS DISTRIBUIDORA S.A.;1º semestre;
;SP;GUARULHOS;AUTO POSTO CONTINENTAL GUARULHOS LTDA; 03.814.382/0001-85;RUA SEBASTIAO DOS SANTOS;15;;CONTINENTAL;07077-190;ETANOL;19/07/2021;4,099;;R$ / litro;ALESAT;2º semestre;SE
;RS;VACARIA;ABASTECEDORA DE COMBUSTIVEIS E.L.G LTDA; 06.070.376/0001-59;RUA JULIO DE CASTILHOS;629;;CENTRO;95200-000;DIESEL;13/12/2021;5,699;;R$ / litro;VIBRA ENERGIA;2º semestre;S
;SP;OURINHOS;POSTO GIGANTE DE OURINHOS LTDA - EPP; 11.682.760/0001-42;AVENIDA DOMINGOS CAMERLINGO CALO;2000;;VILA ODILON;19905-136;GASOLINA;02/08/2021;5,369;;R$ / litro;BRANCA;2º semestre;SE
;PR;GUARAPUAVA;FERLIM & FERLIM LTDA; 00.118.860/0001-24;RUA PROFESSOR BECKER;2307;;TIANON;85010-170;DIESEL S10;24/11/2021;5,199;;R$ / litro;IPIRANGA;2º semestre;S
NE;AL;MACEIO;AUTO POSTO MILLENIUM LTDA; 05.072.232/0001-79;AVENIDA JULIO MARQUES LUZ;655;;JATIUCA;57035-700;GASOLINA;04/01/2021;4,899;;R$ / litro;RAIZEN;1º semestre;
S;RS;GRAVATAI;COMERCIO DE COMBUSTIVEIS EL TORO LTDA; 07.371.527/0001-71;RODOVIA RS 20;2875;;VILA PLANALTINA;94100-250;GASOLINA ADITIVADA;09/06/2021;5,869;;R$ / litro;IPIRANGA;1º semestre;
;RS;PORTO ALEGRE;A 9 COMERCIO DE COMBUSTIVEIS LTDA. - EPP; 26.842.032/0001-28;RUA BARAO DO AMAZONAS;925;;PETROPOLIS;90670-004;GASOLINA;21/07/2021;6,199;;R$ / litro;IPIRANGA;2º semestre;S
;PI;TERESINA;POSTO 19 DE MARCO LTDA; 05.032.132/0001-19;RUA SIMPLICIO MENDES;1697;;VERMELHA;64018-510;DIESEL S10;07/07/2021;4,799;;R$ / litro;BRANCA;2º semestre;NE
;SP;FRANCA;V. L. R. COMERCIO DE COMBUSTIVEIS LTDA.; 10.755.441/0001-57;AVENIDA EMILIO PALUDETTO;5,6;;VILA REAL;14403-860;ETANOL;11/08/2021;4,249;;R$ / litro;BRANCA;2º semestre;SE
SE;SP;JUNDIAI;GRAN TUR POSTOS DE SERVICOS LTDA; 12.640.285/0001-04;AVENIDA SAO JOAO;178;;PONTE SAO JOAO;13216-000;ETANOL;11/05/2021;3,899;;R$ / litro;BRANCA;1º semestre;
;SP;SAO PAULO;TRAPEZIO AUTO POSTO LTDA; 43.805.357/0001-50;RUA COSTA BARROS;2695;;VILA ALPINA;03210-001;GASOLINA ADITIVADA;19/10/2021;6,599;;R$ / litro;RAIZEN;2º semestre;SE
SE;SP;SAO CARLOS;POSTO UNIVERSITARIO SAO CARLOS LTDA; 03.524.280/0001-25;RUA CAPITAO ADAO PEREIRA DA SILVA CABRAL;883;;CENTRO;13561-000;ETANOL;12/05/2021;4,299;;R$ / litro;RAIZEN;1º semestre;
NE;BA;FEIRA DE SANTANA;ARTEMIA DERIVADOS DE PETROLEO LTDA; 26.961.303/0001-64;AVENIDA ARTEMIA PIRES FREITAS;S/N;LOT PRQ CENTAURO;SIM;44085-370;GASOLINA;06/04/2021;5,59;;R$ / litro;RAIZEN;1º semestre;
;SP;BRAGANCA PAULISTA;NIVACAR AUTO POSTO LTDA; 74.444.951/0001-96;AVENIDA DOS IMIGRANTES;4467;;SAO LOURENCO;12902-000;GASOLINA;07/09/2021;5,749;;R$ / litro;VIBRA ENERGIA;2º semestre;SE
SE;SP;POA;AUTO POSTO SANTO AGOSTINHO LTDA; 10.363.342/0001-20;AVENIDA BRASIL;700;;CALMON VIANA;08561-005;GASOLINA;27/04/2021;5,499;;R$ / litro;IPIRANGA;1º semestre;
;MG;MURIAE;POSTO JOIA DE MURIAE LTDA; 19.661.701/0001-08;AVENIDA MONTEIRO DE CASTRO;444;;BARRA;36884-013;DIESEL;20/12/2021;5,499;;R$ / litro;ALESAT;2º semestre;SE
SE;SP;SAO CAETANO DO SUL;AUTO POSTO CERAMICA LTDA; 59.292.607/0001-35;RUA ENGENHEIRO ARMANDO ARRUDA PEREIRA;863;;CERÃMICA;09581-170;GASOLINA;01/03/2021;4,979;;R$ / litro;BRANCA;1º semestre;
CO;MT;CUIABA;EBC COMERCIO DE COMBUSTIVEIS E SERVICOS LTDA; 28.208.307/0001-00;AVENIDA JOSE MONTEIRO DE FIGUEIREDO;675;;DUQUE DE CAXIAS I;78043-300;GASOLINA;02/02/2021;4,788;;R$ / litro;IPIRANGA;1º semestre;
;CE;FORTALEZA;J A COMERCIO COMBUSTIVEIS LTDA; 02.696.818/0001-16;AV JORNALISTA TOMAZ COELHO;2960;A;JANGURUSSU;60534-160;ETANOL;12/10/2021;5,399;;R$ / litro;BRANCA;2º semestre;NE
SE;SP;SANTO ANDRE;AUTO POSTO NOVENTA LTDA; 02.001.242/0001-25;AVENIDA ANDRADE NEVES;159;;VILA ALZIRA;09175-360;ETANOL;19/04/2021;3,699;;R$ / litro;RAIZEN;1º semestre;
SE;RJ;BELFORD ROXO;AUTO POSTO DE SERVIÃOS BELROXO 1 LTDA.; 07.535.112/0001-96;AVENIDA JOSÃ MARIANO DOS PASSOS;1725;;CENTRO;26130-570;ETANOL;06/04/2021;5,599;;R$ / litro;VIBRA ENERGIA;1º semestre;
S;RS;SAO LEOPOLDO;CORAL GLABES COMERCIO DE COMBUSTIVEIS LTDA; 24.387.419/0001-06;AVENIDA JOAO CORREA;1755;;CENTRO;93010-363;GASOLINA ADITIVADA;03/06/2021;6,099;;R$ / litro;BRANCA;1º semestre;
SE;SP;SAO PAULO;AUTO POSTO E SERVICOS CURVAO LTDA; 21.960.361/0001-50;RUA MARCIO BECK MACHADO;150;;CIDADE TIRADENTES;08485-455;ETANOL;09/03/2021;4,099;;R$ / litro;IPIRANGA;1º semestre;
;MT;CUIABA;AUTO POSTO SANTA MARTA LTDA; 28.279.948/0001-47;AVENIDA MIGUEL SUTIL;6692;ESQ. RUA SAO PAULO;JARDIM SANTA MARTA;78043-695;GASOLINA;16/08/2021;5,999;;R$ / litro;RAIZEN;2º semestre;CO
NE;AL;ARAPIRACA;POSTO E HOTEL DIVAN LTDA; 24.313.645/0001-42;AVENIDA GOVERNADOR ANTONIO SIMEÃO LAMENHA FILHO;406;;JARDIM TROPICAL;57300-000;GASOLINA ADITIVADA;18/05/2021;6,089;;R$ / litro;VIBRA ENERGIA;1º semestre;
N;AC;RIO BRANCO;LIDER AUTO POSTO LTDA; 84.301.191/0001-11;RUA SERGIPE;276;;CENTRO;69900-072;ETANOL;02/05/2021;4,99;;R$ / litro;BRANCA;1º semestre;
;CE;CAUCAIA;M M COMERCIO VAREJISTA DE COMBUSTIVEIS EIRELI; 02.333.098/0001-24;RUA ULISSES GUIMARAES;S/N;;IPARANA;61604-150;DIESEL S10;08/09/2021;4,899;;R$ / litro;RAIZEN;2º semestre;NE
;PI;PARNAIBA;POSTO MAIS SAO SEBASTIAO LTDA; 29.088.775/0001-42;AVENIDA SAO SEBASTIAO;1640;;CAMPOS;64215-044;GASOLINA ADITIVADA;28/07/2021;6,499;;R$ / litro;BRANCA;2º semestre;NE
;MG;VICOSA;POSTO MILLENNIUN DE VICOSA LTDA; 04.158.512/0001-31;AVENIDA MARECHAL HUMBERTO CASTELO BRANCO;1825;;SANTO ANTÔNIO;36570-000;GASOLINA;01/09/2021;6,63;;R$ / litro;VIBRA ENERGIA;2º semestre;SE
;DF;BRASILIA;AUTO POSTO ADE CEILANDIA SUL LTDA; 24.099.794/0001-50;QUADRA ADE QUADRA 3 CONJUNTO B;S/N;LOTE  01                        CEILANDIA;AREA DE DESENVOLVIMENTO ECONOMICO (CEILANDIA);72237-320;GASOLINA;08/09/2021;6,499;;R$ / litro;VIBRA ENERGIA;2º semestre;CO
;GO;GOIANIA;AUTO POSTO OURO NEGRO LTDA; 11.949.696/0001-13;AVENIDA RIO VERDE;5250;QD. 90 LT. 1,2,3 E 4;VILA ROSA;74843-660;GASOLINA ADITIVADA;08/09/2021;6,479;;R$ / litro;BRANCA;2º semestre;CO
;SP;SAO PAULO;AUTO POSTO ÁGUIA FORTE LTDA; 02.635.047/0001-57;RUA GENERAL PORFÍRIO DA PAZ;19;;JARDIM GRIMALDI;03918-000;GASOLINA;17/11/2021;6,699;;R$ / litro;IPIRANGA;2º semestre;SE
;PR;PONTA GROSSA;COMERCIAL DE COMBUSTIVEIS DOMENE LTDA; 06.165.137/0001-82;AVENIDA VISCONDE MAUA;3080;;OFICINAS;84043-000;GASOLINA;22/09/2021;5,999;;R$ / litro;BRANCA;2º semestre;S
;SC;BLUMENAU;AUTO POSTO TRIBESS LTDA; 02.894.393/0001-50;RUA HERMANN TRIBESS;507;FRENTE;TRIBESS;89055-400;GASOLINA ADITIVADA;20/07/2021;5,729;;R$ / litro;REJAILE;2º semestre;S
;RN;PARNAMIRIM;POSTO PINHEIRO BORGES LTDA; 08.277.717/0001-97;AVENIDA PILOTO PEREIRA TIM;617;;PARQUE DE EXPOSICOES;59146-480;GASOLINA ADITIVADA;01/09/2021;6,199;;R$ / litro;IPIRANGA;2º semestre;NE
NE;CE;FORTALEZA;MILLENNIUM PETROLEO LTDA; 03.524.403/0002-09;AVENIDA OSORIO DE PAIVA;621;;PARANGABA;60720-000;ETANOL;20/01/2021;3,749;;R$ / litro;IPIRANGA;1º semestre;
NE;PB;JOAO PESSOA;POSTO DE COMBUSTIVEIS TANQUE CHEIO CRISTO LTDA; 25.199.976/0001-66;RUA HERONIDES MEIRA DE VASCONCELOS;84;SALA  101102102B;CRISTO REDENTOR;58070-460;ETANOL;08/03/2021;3,989;;R$ / litro;VIBRA ENERGIA;1º semestre;
;GO;JATAI;COMERCIAL DE COMBUSTIVEIS VILELAO LTDA; 30.789.081/0001-11;AVENIDA VERIANO DE OLIVEIRA LIMA;1633;QUADRA03                  LOTE  07;DIVINO ESPIRITO SANTO;75804-011;GASOLINA ADITIVADA;25/10/2021;6,79;;R$ / litro;BRANCA;2º semestre;CO
;CE;LIMOEIRO DO NORTE;SAO MATHEUS COMERCIAL DE GAS LTDA; 10.404.912/0004-25;RUA DOS EXPEDICIONARIOS;3714;;BOA FE;62930-000;GASOLINA ADITIVADA;28/09/2021;6,379;;R$ / litro;BRANCA;2º semestre;NE
SE;SP;PIRACICABA;AMALFI & GIANNETTI LTDA; 09.016.608/0001-89;AVENIDA ARMANDO CESARI DEDINI;330;;NOVA PIRACICABA;13405-268;DIESEL S10;03/05/2021;4,739;;R$ / litro;VIBRA ENERGIA;1º semestre;
NE;BA;SALVADOR;CARLOS EDUARDO CASAGRANDE; 12.233.356/0001-54;AVENIDA ANTONIO CARLOS MAGALHAES;2949;;PARQUE BELA VISTA;40280-000;GASOLINA;22/02/2021;5,29;;R$ / litro;RAIZEN;1º semestre;
SE;SP;SANTO ANDRE;AUTO POSTO ESTONIA LTDA; 54.997.143/0001-49;AVENIDA DAS NAÃÃES;826;;PARQUE NOVO ORATÃRIO;09260-000;GASOLINA ADITIVADA;12/04/2021;5,499;;R$ / litro;RAIZEN;1º semestre;
NE;BA;LAURO DE FREITAS;VILAS COMERCIO DE COMBUSTIVEIS LTDA; 01.878.064/0001-52;AVENIDA LUIZ TARQUINIO;S/N;LT. 09 E 10 - QD. 19;VILAS DO ATLÃNTICO;42700-000;GASOLINA;25/05/2021;5,85;;R$ / litro;BRANCA;1º semestre;
;SP;BARUERI;CENTRO AUTOMOTIVO ALPHA CENTER LTDA; 66.897.109/0001-81;ALAMEDA RIO NEGRO;350;;ALPHAVILLE;06400-000;DIESEL S10;15/07/2021;5,099;;R$ / litro;VIBRA ENERGIA;2º semestre;SE
;PR;APUCARANA;POSTO GOVERNADOR ROBERTO DA SILVEIRA EIRELI - EPP; 13.629.721/0001-07;AVENIDA GOVERNADOR ROBERTO DA SILVEIRA;480;;BARRA FUNDA;86800-520;ETANOL;29/11/2021;5,8;;R$ / litro;BRANCA;2º semestre;S
;MG;UBA;UBA PETRO LTDA; 02.989.574/0001-60;AVENIDA QUINTINO POGIALLI;20;;WALDEMAR DE CASTRO;36500-001;ETANOL;08/08/2021;4,685;;R$ / litro;BRANCA;2º semestre;SE
;BA;FEIRA DE SANTANA;POSTO DE COMBUSTIVEIS MARIA QUITÉRIA LTDA; 18.569.106/0001-76;AVENIDA MARIA QUITERIA;3208;;QUEIMADINHA;44050-368;DIESEL S10;19/08/2021;4,54;;R$ / litro;BRANCA;2º semestre;NE
SE;SP;HORTOLANDIA;POSTO ABBA LTDA; 14.320.234/0001-20;AVENIDA JOAO COELHO;305;;CHACARA FAZENDA COELHO;13185-000;DIESEL S10;21/06/2021;4,499;;R$ / litro;BRANCA;1º semestre;
;RO;CACOAL;CRIVALE AUTO POSTO LTDA; 05.057.143/0001-53;AVENIDA CASTELO BRANCO;S/N;LOTE 01, QUADRA 78, SETOR 06;JARDIM BANDEIRANTES;78976-230;GASOLINA;29/07/2021;6,15;;R$ / litro;IPIRANGA;2º semestre;N
;SP;ARACATUBA;POSTO PODIUM COMÉRCIO DE COMBUSTÍVEIS LTDA.; 07.157.913/0001-65;RUA DO FICO;556;;SANTANA;16050-387;DIESEL;06/07/2021;4,469;;R$ / litro;VIBRA ENERGIA;2º semestre;SE
;SP;MOGI DAS CRUZES;AUTO POSTO CASTILLO LTDA; 11.934.776/0001-03;AVENIDA FRANCISCO FERREIRA LOPES;2646;;VILA JUNDIAI;08745-000;ETANOL;31/08/2021;4,349;;R$ / litro;BRANCA;2º semestre;SE
S;PR;CURITIBA;AUTO POSTO EMF LTDA; 15.099.561/0001-67;RUA CHILE;2311;;REBOUCAS;80220-181;GASOLINA;23/03/2021;5,099;;R$ / litro;BRANCA;1º semestre;
;SP;BOTUCATU;AUTO POSTO M E A LTDA; 08.605.350/0001-93;RUA SANTOS DUMONT;195;;VILA CIDADE JARDIM;18602-200;GASOLINA;11/07/2021;5,549;;R$ / litro;BRANCA;2º semestre;SE
;MG;ARAXA;REDE DE POSTOS 2000 II DE COMBUSTIVEIS LTDA; 35.758.803/0001-94;AVENIDA MINISTRO OLAVO DRUMMOND;190;;NOVO SAO GERALDO;38180-129;DIESEL S10;28/07/2021;4,749;;R$ / litro;TOTAL BRASIL;2º semestre;SE
;SP;PIRACICABA;POSTO J.S. CALDEIRA LTDA.; 12.347.073/0001-33;AVENIDA COMENDADOR LUCIANO GUIDOTTI;1867;;JARDIM CAXAMBU;13425-540;GASOLINA;07/12/2021;6,359;;R$ / litro;RAIZEN;2º semestre;SE
;RS;VIAMAO;AMP POSTOS DE COMBUSTIVEIS LTDA; 31.970.663/0001-62;AVENIDA SENADOR SALGADO FILHO;7277;;QUERENCIA;94440-000;ETANOL;25/08/2021;5,799;;R$ / litro;IPIRANGA;2º semestre;S
SE;MG;UBERLANDIA;COLETO ALDA E FILHOS LTDA; 25.759.283/0003-42;RUA FLORESTANO DE MACEDO TIBERY;5800;;TIBERY;38405-120;DIESEL S10;06/04/2021;4,5;;R$ / litro;RAIZEN;1º semestre;
;SP;MOCOCA;VAP GAS AUTO POSTO LTDA; 04.445.414/0001-85;AVENIDA JOAO BATISTA DE LIMA FIGUEIREDO;3136;;JARDIM LAVINIA;13735-000;ETANOL;22/09/2021;4,539;;R$ / litro;BRANCA;2º semestre;SE
;MS;DOURADOS;AUTO POSTO PARANA LTDA; 11.364.446/0001-11;RUA ROSEMIRO RODRIGUES VIEIRA;390;;PARQUE DAS NAÇÕES II;79842-030;DIESEL S10;13/12/2021;5,399;;R$ / litro;TAURUS;2º semestre;CO
;SP;BIRIGUI;BIRI PETRO COMERCIO DE COMBUSTIVEIS LTDA; 11.465.956/0001-85;RUA JOSE MASSON;800;;JARDIM RECANTO DOS PASSAROS;16201-155;DIESEL;22/12/2021;5,159;;R$ / litro;BRANCA;2º semestre;SE
NE;BA;SALVADOR;PITUBA DERIVADOS DE PETROLEO LTDA; 21.088.382/0001-27;AVENIDA OCTAVIO MANGABEIRA;1283;;PITUBA;41830-050;DIESEL S10;03/05/2021;4,999;;R$ / litro;RAIZEN;1º semestre;
;PR;ARAUCARIA;AUTO POSTO FIALLA LTDA; 78.951.779/0001-18;AVENIDA ARCHELAU DE ALMEIDA TORRES;925;;CENTRO;83702-185;DIESEL S10;28/09/2021;4,499;;R$ / litro;BRANCA;2º semestre;S
NE;CE;SOBRAL;T.C.DE VASCONCELOS; 07.380.155/0002-20;AVENIDA DR JOSE EUCLIDES FERREIRA GOMES;970;;PARQUE SILVANA;62050-070;GASOLINA ADITIVADA;19/05/2021;6,29;;R$ / litro;VIBRA ENERGIA;1º semestre;
SE;MG;UBERLANDIA;AEROPORTO COMBUSTIVEIS LTDA; 16.777.601/0001-45;AVENIDA DOM PEDRO II;525;;ALTO UMUARAMA;38405-280;DIESEL S10;23/06/2021;4,539;;R$ / litro;BRANCA;1º semestre;
;SP;PIRASSUNUNGA;TERNG LEE HUA; 06.131.760/0001-14;AVENIDA CAP. ANTONIO JOAQUIM MENDES;662;;JD CARLOS GOMES;13633-030;ETANOL;21/09/2021;4,45;;R$ / litro;BRANCA;2º semestre;SE
;SP;VOTORANTIM;AUTO POSTO PETROLUK LTDA; 55.610.315/0001-42;AVENIDA OCTAVIO AUGUSTO RANGEL;837; ;CENTRO;18112-000;ETANOL;29/09/2021;4,699;;R$ / litro;RAIZEN;2º semestre;SE
SE;SP;SUMARE;AUTO POSTO VILLALOBOS LTDA - ME; 09.155.349/0001-77;AVENIDA EMILIO BOSCO;1450;;MATAO;13180-000;ETANOL;24/05/2021;4,079;;R$ / litro;BRANCA;1º semestre;
;SP;SAO CAETANO DO SUL;AUTO POSTO BARCELONA LTDA; 47.211.305/0001-06;AVENIDA GOIAS;3007;;BARCELONA;09550-051;ETANOL;14/09/2021;4,299;;R$ / litro;BRANCA;2º semestre;SE
;SC;BRUSQUE;POSTO AGRICOPEL LTDA.; 83.488.882/0006-18;AVENIDA LAURO MULLER;149;;CENTRO;88353-040;DIESEL S10;24/08/2021;4,429;;R$ / litro;RAIZEN MIME;2º semestre;S
SE;ES;SERRA;POSTO TUBARAO COM DE DERIVADOS DE PETROLEO LTDA - ME; 28.037.679/0001-02;AVENIDA PRESIDENTE CASTELO BRANCO;315;;NOSSA SENHORA DO ROSARIO DE FATIMA;29161-135;GASOLINA ADITIVADA;23/05/2021;5,899;;R$ / litro;RAIZEN;1º semestre;
;SP;LINS;AUTO POSTO CASTELO DE LINS EIRELI; 32.084.133/0001-80;RUA FLORIANO PEIXOTO;1009;;CENTRO;16400-101;DIESEL;19/07/2021;4,639;;R$ / litro;BRANCA;2º semestre;SE
S;RS;CANOAS;COMERCIAL DE COMBUSTIVEIS SETEMBRINO LTDA; 07.445.775/0001-10;AVENIDA GETULIO VARGAS;4663;;MARECHAL RONDON;92020-333;ETANOL;03/06/2021;5,299;;R$ / litro;BRANCA;1º semestre;
;SP;PIRACICABA;POSTO DE SERVICOS VILA VERDE DE PIRACICABA LTDA; 21.272.474/0001-62;AVENIDA TRINTA E UM DE MARCO;1303;;PAULICEIA;13424-300;DIESEL;05/07/2021;4,399;;R$ / litro;IPIRANGA;2º semestre;SE
;RS;SAO LEOPOLDO;ARGOS COMERCIAL DE COMBUSTIVEIS LTDA; 00.959.052/0001-90;AVENIDA CAXIAS DO SUL;950;;RIO DOS SINOS;93110-000;GASOLINA;15/07/2021;5,878;;R$ / litro;RAIZEN;2º semestre;S
;MG;UBERABA;POSTO VERA CRUZ LTDA; 25.420.209/0001-35;RUA SAO BENEDITO;417;;SAO BENEDITO;38022-100;DIESEL;06/10/2021;5,129;;R$ / litro;RAIZEN;2º semestre;SE
;SP;SAO PAULO;A.P .PINGO DE PRATA LTDA; 60.675.360/0001-15;AVENIDA DOUTOR EDUARDO COTCHING;1273;;VILA FORMOSA;33560-000;GASOLINA;12/07/2021;5,599;;R$ / litro;IPIRANGA;2º semestre;SE
S;PR;LONDRINA;POSTO FARIA LIMA LTDA.; 06.308.544/0001-00;AVENIDA PREFEITO FARIA LIMA;1040;;JARDIM UNIVERSITÃRIO;86061-450;GASOLINA;23/06/2021;5,53;;R$ / litro;BRANCA;1º semestre;
;BA;SALVADOR;WALTER TANNUS FREITAS; 00.216.623/0001-04;AVENIDA CENTENARIO;2726;;CHAME-CHAME;40155-150;ETANOL;01/11/2021;5,999;;R$ / litro;RAIZEN;2º semestre;NE
;SP;BOTUCATU;BAR RESTAURANTE POSTO AVENIDA LTDA; 45.519.055/0001-40;AVENIDA FLORIANO PEIXOTO;480;;CENTRO;18603-730;DIESEL S10;15/11/2021;5,279;;R$ / litro;BRANCA;2º semestre;SE
CO;DF;BRASILIA;EUROGAS - POSTOS DE SERVICOS LTDA.; 03.648.818/0001-03;QUADRA QS 9 RUA 123;S/N;LOTE  06 08 10 12 E 14;AREAL (AGUAS CLARAS);71977-720;DIESEL S10;10/03/2021;4,399;;R$ / litro;VIBRA ENERGIA;1º semestre;
S;PR;LONDRINA;AUTO POSTO V Y LTDA.; 12.645.178/0001-79;AVENIDA AYRTON SENNA DA SILVA;580;;FAZENDA PALHANO;86050-460;ETANOL;30/03/2021;4,29;;R$ / litro;IPIRANGA;1º semestre;
N;PA;ANANINDEUA;LONGO COMERCIO DE COMBUSTIVEIS LTDA; 29.025.763/0001-79;RODOVIA BR 316;5100;SETOR POSTO DE COMBUSTIVEL;GUANABARA;67010-000;DIESEL S10;10/06/2021;4,999;;R$ / litro;VIBRA ENERGIA;1º semestre;
;PR;MARINGA;POSTO LONDRES LTDA; 24.940.718/0001-26;AVENIDA KAKOGAWA;2161;;JARDIM COPACABANA;87023-753;GASOLINA;20/09/2021;6,09;;R$ / litro;VIBRA ENERGIA;2º semestre;S
;SP;TAUBATE;AUTO POSTO ANA ROSA TAUBATE LTDA; 03.842.497/0001-83;AVENIDA DOM DUARTE LEOPOLDO E SILVA;501;;VILA SAO JOSE;12070-590;ETANOL;13/07/2021;3,999;;R$ / litro;BRANCA;2º semestre;SE
;GO;GOIANIA;AUTO POSTO CHAFARIZ LTDA; 04.806.169/0001-94;RUA S 1;260;QD 146 LT 24;SETOR BUENO;74230-220;DIESEL S10;04/11/2021;5,89;;R$ / litro;BRANCA;2º semestre;CO
;PR;CURITIBA;AUTO POSTO VICENTE MACHADO LTDA; 05.658.350/0001-63;RUA BRIGADEIRO FRANCO;1576;;CENTRO;80420-200;GASOLINA;27/10/2021;6,499;;R$ / litro;BRANCA;2º semestre;S
;SP;SAO JOSE DO RIO PRETO;AUTO POSTO ZANI COMERCIO DE DERIVADOS DE PETROLEO EIRELI; 05.508.853/0001-52;AVENIDA AUGUSTO BUFFULIN;87;;JD. NUNES;15046-800;GASOLINA ADITIVADA;10/11/2021;6,499;;R$ / litro;IPIRANGA;2º semestre;SE
;CE;FORTALEZA;FT COMERCIO DE PETROLEO LTDA; 03.773.814/0001-57;AVENIDA BEZERRA DE MENEZES;285;;FARIAS BRITO;60325-000;GNV;15/11/2021;4,899;;R$ / m³;RAIZEN;2º semestre;NE
;SP;BIRIGUI;BANDEIRAS BIRIGUI AUTO POSTO LTDA; 17.655.363/0001-68;RUA BOM JESUS;1225;;VILA BANDEIRANTES;16203-098;ETANOL;18/08/2021;4,199;;R$ / litro;BRANCA;2º semestre;SE
;SP;ITAPECERICA DA SERRA;REC SERVICOS AUTOMOTIVOS LTDA; 03.176.398/0001-00;RUA MIGUEL ROTGER DOMINGUES;55;;CENTRO;06850-780;DIESEL S10;14/09/2021;4,599;;R$ / litro;BRANCA;2º semestre;SE
SE;SP;JACAREI;AUTO POSTO BANDEIRANTES SJM LTDA.; 64.674.187/0001-91;AVENIDA SENADOR JOAQUIM MIGUEL MARTINS DE SIQUEIRA;495;;JARDIM PEREIRA DO AMPARO;12327-695;GASOLINA;30/04/2021;5,099;;R$ / litro;RAIZEN;1º semestre;
SE;SP;ARARAQUARA;PRISMA AUTO POSTO LTDA; 06.111.337/0001-52;AVENIDA FRANCISCO CARLOS MERLOS;2400;;1DISTRITO INDUSTRIAL;14808-010;DIESEL S10;31/05/2021;4,395;;R$ / litro;BRANCA;1º semestre;
SE;SP;SAO PAULO;AUTO POSTO CAPAO REDONDO LTDA; 32.753.965/0001-41;ESTRADA DE ITAPECERICA;5530;;JARDIM VISTA LINDA;05858-000;ETANOL;05/01/2021;2,899;;R$ / litro;BRANCA;1º semestre;
;PR;TOLEDO;BRIXNER & BRIXNER LTDA.; 01.332.868/0001-51;AVENIDA MINISTRO CIRNE LIMA;3405;;JARDIM COOPAGRO;85903-590;GASOLINA;06/09/2021;5,89;;R$ / litro;IPIRANGA;2º semestre;S
;PR;PARANAVAI;BOTINI GONÇALVES E CIA LTDA.; 07.872.728/0001-52;AVENIDA PRESIDENTE TANCREDO NEVES;2175;;JARDIM OURO VERDE;87702-180;DIESEL S10;02/08/2021;4,45;;R$ / litro;BRANCA;2º semestre;S
SE;SP;VARZEA PAULISTA;POSTO MARATONI LTDA; 01.024.094/0001-00;RUA PASCOAL GIANFRANCESCO;11;;JD BERTIOGA;13225-575;GASOLINA;01/06/2021;5,399;;R$ / litro;BRANCA;1º semestre;
;RN;NATAL;SM COMERCIAL DE DERIVADOS DE PETROLEO LTDA; 03.459.547/0001-48;RUA MARANATA;425;;PLANALTO;59073-240;ETANOL;18/08/2021;5,569;;R$ / litro;BRANCA;2º semestre;NE
;RS;TORRES;COMERCIO DE COMBUSTIVEIS BOLAO LTDA; 18.036.381/0004-77;AVENIDA BARAO DO RIO BRANCO;1085;SALA 02;CENTRO;95560-000;GASOLINA ADITIVADA;20/07/2021;6,099;;R$ / litro;POTENCIAL;2º semestre;S
;RS;VACARIA;POSTO DE COMBUSTIVEIS ULYSSE MARASCHIN LTDA; 01.978.708/0002-65;AVENIDA MILITAR;398;;NOSSA SENHORA DE FATIMA;95210-024;GNV;16/11/2021;4,998;;R$ / m³;BRANCA;2º semestre;S
;PR;PONTA GROSSA;POSTO BOA VISTA EIRELI; 77.488.005/0007-25;RUA SIQUEIRA CAMPOS;2299;;UVARANAS;84031-030;DIESEL S10;04/08/2021;4,449;;R$ / litro;RAIZEN;2º semestre;S
;SP;SAO JOSE DO RIO PRETO;POSTO PALESTRA COMBUSTIVEIS - RIO PRETO LTDA.; 11.362.265/0001-56;AVENIDA ERNANI PIRES DOMINGUES;6550;;RESIDENCIAL PALESTRA;15040-709;ETANOL;20/07/2021;4,049;;R$ / litro;BRANCA;2º semestre;SE
SE;SP;RIBEIRAO PRETO;AUTO POSTO RIO BRANCO DE RIBEIRAO PRETO LTDA; 19.596.536/0001-40;AVENIDA DOUTOR FRANCISCO JUNQUEIRA;631;;CAMPOS ELÃSEOS;14085-310;GASOLINA;27/01/2021;4,239;;R$ / litro;RIO BRANCO;1º semestre;
SE;MG;MONTE CARMELO;GLORIA AUTO POSTO LTDA; 04.303.453/0001-48;RUA URUGUAI;311;;BAIRRO DO TREVO;38500-000;DIESEL S10;26/04/2021;4,239;;R$ / litro;BRANCA;1º semestre;
;SP;CAMPINAS;AUTO POSTO ESKEMA LTDA; 49.805.088/0001-08;AVENIDA ANA BEATRIZ BIERREMBACH;1,215;;VILA MIMOSA;13050-060;DIESEL S10;23/08/2021;4,699;;R$ / litro;IPIRANGA;2º semestre;SE
;RJ;ARARUAMA;POSTO TRES AMIGOS LTDA; 28.531.838/0001-20;RODOVIA RIO BONITO ARARUAMA;S/N;KM    35;ITATIQUARA;28970-000;GASOLINA;10/08/2021;6,299;;R$ / litro;BRANCA;2º semestre;SE
;RS;ALEGRETE;PILECCO, PAIM & CIA LTDA - ME; 13.685.203/0002-91;PRACA OSWALDO ARANHA;199;;CENTRO;97541-540;DIESEL;13/09/2021;4,707;;R$ / litro;RAIZEN;2º semestre;S
;PA;ITAITUBA;LEAL E LEAL LTDA; 14.790.429/0001-34;RODOVIA TRANSAMAZONICA;S/N;": ESQ. C/ 34 RUA;";COMERCIO;68180-010;GASOLINA ADITIVADA;25/08/2021;6,19;;R$ / litro;SABBÁ;2º semestre;N
N;RR;BOA VISTA;ARNOGAS & CIA. LTDA.; 05.939.533/0003-19;RUA JOÃO ALENCAR;696;;AEROPORTO;69312-042;GASOLINA;27/04/2021;5,39;;R$ / litro;VIBRA ENERGIA;1º semestre;
;SP;OSASCO;AUTO POSTO PARADA 52 LTDA; 21.103.293/0001-02;AVENIDA JOAO DE ANDRADE;1901;;SANTO ANTONIO;06132-000;ETANOL;18/10/2021;4,399;;R$ / litro;IPIRANGA;2º semestre;SE
NE;RN;NATAL;POSTO MONTE BELO COMÃRCIO DE COMBUSTÃVEIS LTDA.; 40.804.791/0001-27;AVENIDA DAS ALAGOAS;358;;NEÃPOLIS;59086-200;ETANOL;02/03/2021;4,38;;R$ / litro;VIBRA ENERGIA;1º semestre;
SE;MG;SETE LAGOAS;POSTO J LTDA; 22.365.258/0001-24;RUA EDUARDO ALVES FERREIRA;40;;JARDIM AMELIA;35700-173;GASOLINA;01/03/2021;5,499;;R$ / litro;VIBRA ENERGIA;1º semestre;
;MS;DOURADOS;AUTO POSTO SAN CRISTOVAO LTDA; 10.876.085/0001-20;RUA MONTE ALEGRE;5800;;JARDIM MAIPU;79833-120;ETANOL;09/08/2021;4,599;;R$ / litro;TAURUS;2º semestre;CO
N;AC;RIO BRANCO;M.D.M. COMERCIO DE COMBUSTIVEIS LTDA; 13.816.771/0001-01;RUA DO CAFE;153;;DISTRITO INDUSTRIAL;69920-190;GASOLINA ADITIVADA;31/05/2021;6,35;;R$ / litro;VIBRA ENERGIA;1º semestre;
SE;MG;BETIM;POSTO BARRA SETE LTDA.; 14.719.755/0002-36;AVENIDA DO CONTORNO;4350;;JARDIM TERESÃPOLIS;32500-000;DIESEL S10;21/03/2021;4,389;;R$ / litro;VIBRA ENERGIA;1º semestre;
SE;SP;SUMARE;AUTO POSTO AVENIDA REBOUÃAS DE SUMARÃ LTDA; 73.045.981/0001-67;AVENIDA REBOUCAS;2718;;CENTRO;13170-390;GASOLINA;18/01/2021;4,099;;R$ / litro;BRANCA;1º semestre;
S;RS;PORTO ALEGRE;F K SPORLEDER COMERCIO DE COMBUSTIVEIS EIRELI; 34.713.694/0001-26;AVENIDA BENTO GONCALVES;8235;;AGRONOMIA;91540-000;DIESEL S10;04/05/2021;4,499;;R$ / litro;BRANCA;1º semestre;
N;AP;MACAPA;POSTO ICCAR LTDA; 02.280.133/0034-52;AVENIDA RIO VILA NOVA;62;ESQ. C/ RUA BEIRA RIO;TREM;68905-160;DIESEL;28/04/2021;4,33;;R$ / litro;BRANCA;1º semestre;
;RJ;PETROPOLIS;ALPS AUTO POSTO LTDA; 04.012.786/0001-18;RUA CORONEL VEIGA;1770;;CORONEL VEIGA;25655-152;GASOLINA;13/07/2021;6,697;;R$ / litro;BRANCA;2º semestre;SE
;RS;CACHOEIRA DO SUL;COMERCIO DE COMBUSTIVEIS NEVOEIRO LTDA; 95.425.369/0012-05;AVENIDA BRASIL;1811;;CENTRO;96503-490;GASOLINA;06/09/2021;6,099;;R$ / litro;IPIRANGA;2º semestre;S
;PB;CABEDELO;FURTADO & CIA LTDA; 09.220.427/0001-70;RUA DUQUE DE CAXIAS;293;0;CENTRO;58310-000;DIESEL;02/09/2021;4,59;;R$ / litro;IPIRANGA;2º semestre;NE
;PE;RECIFE;PASSIRA COMERCIO DE DERIVADOS DE PETROLEO LTDA; 05.066.120/0002-96;AVENIDA JOAO DE BARROS;1179;;ESPINHEIRO;52021-180;DIESEL S10;02/12/2021;5,499;;R$ / litro;VIBRA ENERGIA;2º semestre;NE
;AL;MACEIO;M H DA COSTA E CIA LTDA; 08.203.497/0001-57;AVENIDA JUCA SAMPAIO;1550 E;1550/A;BARRO DURO;57045-365;DIESEL;06/09/2021;5,499;;R$ / litro;VIBRA ENERGIA;2º semestre;NE
CO;MT;CUIABA;COMERCIO DE COMBUSTIVEIS PIONEIRA LTDA; 06.646.496/0001-51;RODOVIA PALMIRO PAES DE BARROS  KM 02;S/N;;JD. JOCKEI CLUB;78095-330;DIESEL S10;21/06/2021;4,899;;R$ / litro;VIBRA ENERGIA;1º semestre;
;MG;CONSELHEIRO LAFAIETE;AUTO POSTO GIGANTE LTDA; 13.093.320/0001-85;RUA CRISTOVAO DE SENA;1201;;GIGANTE;36400-001;DIESEL S10;27/12/2021;5,289;;R$ / litro;BRANCA;2º semestre;SE
SE;SP;SAO BERNARDO DO CAMPO;AUTO POSTO BEIRA BAIXA LTDA; 59.104.489/0001-94;AVENIDA DOUTOR RUDGE RAMOS;906;;RUDGE RAMOS;09638-000;DIESEL S10;30/03/2021;4,099;;R$ / litro;RAIZEN;1º semestre;
SE;SP;VOTORANTIM;AUTO POSTO CORREA NETO LTDA; 06.158.478/0001-20;AVENIDA GISELE CONSTANTINO;81;;JARDIM CLARICE;18110-650;ETANOL;28/06/2021;3,899;;R$ / litro;BRANCA;1º semestre;
;GO;VALPARAISO DE GOIAS;NDM COMERCIO DE PETROLEO LTDA; 28.941.685/0001-90;AREA AREA ESPECIAL;S/N;;VALPARAISO I - ETAPA E;72870-001;GASOLINA;09/12/2021;7,399;;R$ / litro;IPIRANGA;2º semestre;CO
;RJ;SAO GONCALO;CARREFOUR COMERCIO E INDUSTRIA LTDA; 45.543.915/0292-44;RUA DOUTOR OLIVEIRA BOTELHO;349;PARTE;NEVES;24425-000;ETANOL;04/11/2021;6,799;;R$ / litro;VIBRA ENERGIA;2º semestre;SE
;SP;PRAIA GRANDE;AUTO POSTO AIMORES DE PRAIA GRANDE LTDA; 21.948.411/0001-83;AVENIDA PRESIDENTE KENNEDY;4854;;TUPI;11703-200;ETANOL;01/12/2021;5,099;;R$ / litro;VIBRA ENERGIA;2º semestre;SE
;RS;VACARIA;AUTO POSTO ARY FILHO LTDA.; 90.042.912/0001-19;AVENIDA MILITAR;643;;CENTRO;95200-000;GASOLINA ADITIVADA;08/09/2021;6,84;;R$ / litro;VIBRA ENERGIA;2º semestre;S
SE;SP;MOGI DAS CRUZES;VIP AUTO POSTO DE MOGI LTDA; 05.260.022/0001-04;AVENIDA PREF. FRANCISCO RIBEIRO NOGUEIRA;2,991;;MOGI MODERNO;08717-490;GASOLINA ADITIVADA;10/03/2021;5,599;;R$ / litro;RAIZEN;1º semestre;
;SP;CRUZEIRO;AUTO POSTO ESQUINA 3 LTDA; 31.922.926/0001-68;RUA SANTA CRUZ;51;;CENTRO;12701-470;GASOLINA ADITIVADA;28/12/2021;6,599;;R$ / litro;RAIZEN;2º semestre;SE
;SP;SAO PAULO;POSTO DE SERVIÇOS ARCUAN LTDA; 13.677.002/0001-61;AVENIDA JOAO XXIII;1376;;VILA FORMOSA;03361-001;DIESEL S10;27/07/2021;4,473;;R$ / litro;IPIRANGA;2º semestre;SE
;ES;VILA VELHA;POSTO RIO MARINHO COMERCIO DE DERIVADOS DE PETROLEO EIRELI - EPP; 18.366.697/0001-84;AVENIDA RIO MARINHO;S/N;;RIO MARINHO;29112-690;ETANOL;14/12/2021;6,499;;R$ / litro;VIBRA ENERGIA;2º semestre;SE
CO;MT;CUIABA;COMERCIAL DE COMBUSTIVEIS PARAISO EIRELI; 05.391.756/0001-22;AVENIDA JOSE TORQUATO;2,896;HIST. RUBENS MENDONCA;NOVO PARAISO;78055-714;GASOLINA;02/03/2021;5,15;;R$ / litro;BRANCA;1º semestre;
;MT;CUIABA;AUTO POSTO SANTA MARTA LTDA; 28.279.948/0001-47;AVENIDA MIGUEL SUTIL;6692;ESQ. RUA SAO PAULO;JARDIM SANTA MARTA;78043-695;GASOLINA;12/08/2021;5,999;;R$ / litro;RAIZEN;2º semestre;CO
;MG;VICOSA;POSTO CANAA LTDA; 17.765.579/0001-86;PRACA MARIO DEL GIUDICE;84;;CENTRO;36570-049;DIESEL S10;11/11/2021;5,828;;R$ / litro;RAIZEN;2º semestre;SE
;MG;CONTAGEM;POSTO 3000 LTDA; 66.440.215/0001-31;RUA MATO GROSSO;495;0;VILA UNIVERSAL;32686-050;DIESEL S10;07/12/2021;5,195;;R$ / litro;RAIZEN;2º semestre;SE
;SP;SAO PAULO;A.P. VILA ESPERANÇA LTDA; 61.399.093/0001-63;AVENIDA PADRE OLIVETANOS;558;;PENHA DE FRANÇA;36480-000;GASOLINA ADITIVADA;07/07/2021;5,599;;R$ / litro;IPIRANGA;2º semestre;SE
SE;SP;CATANDUVA;MANFRIN E MARTANI & CIA LTDA; 47.076.898/0001-45;RUA SETE DE SETEMBRO;253;;HIGIENOPOLIS;15805-070;ETANOL;31/05/2021;4,299;;R$ / litro;VIBRA ENERGIA;1º semestre;
;MG;JUIZ DE FORA;BANDEIRANTES COMERCIO DE COMBUSTIVEIS LTDA; 11.281.129/0001-31;RUA PARACATU;1800;;BANDEIRANTES;36047-040;ETANOL;06/09/2021;4,999;;R$ / litro;VIBRA ENERGIA;2º semestre;SE
NE;PE;RECIFE;POSTO AÃORES LTDA; 05.930.453/0001-30;ESTRADA DE BELEM;803;;HIPODROMO;52040-490;ETANOL;18/02/2021;3,679;;R$ / litro;TDC DISTRIBUIDORA;1º semestre;
NE;BA;ITABUNA;DERIVADOS DE PETROLEO MELHOR MONTEIRO EIRELI; 13.026.737/0001-25;AVENIDA AZIZ MARON;SN;;GOES CALMON;45605-412;GASOLINA;17/02/2021;5,38;;R$ / litro;BRANCA;1º semestre;
SE;SP;SAO CARLOS;AUTO POSTO TROPICAL DE SAO CARLOS LTDA; 08.670.590/0001-71;RUA BRUNO RUGGIERO FILHO;1157;TERREO;PARQUE SANTA FELICIA;13562-420;GASOLINA;18/02/2021;4,539;;R$ / litro;BRANCA;1º semestre;
;MT;RONDONOPOLIS;SCALEZ - COMERCIO DE DERIVADOS DE PETROLEO LTDA; 02.748.491/0002-60;AVENIDA BANDEIRANTES;S/N;;JARDIM ASSUNÇÃO;78700-000;GASOLINA ADITIVADA;17/08/2021;6,179;;R$ / litro;VIBRA ENERGIA;2º semestre;CO
SE;SP;ITU;NOSSO POSTO DE ITU LTDA.; 09.609.285/0001-37;RUA  MAESTRO ISAIAS SPARANINZE BELCUFINE;114;;VILA PADRE BENTO;13313-013;GASOLINA;01/03/2021;4,699;;R$ / litro;BRANCA;1º semestre;
NE;CE;FORTALEZA;GOMES & COE COMERCIO DE COMBUSTIVEIS E REPRESENTACOES LTDA; 04.436.076/0001-15;AVENIDA JORNALISTA TOMAZ COELHO;1878;;JANGURUSSU/MESSEJANA;60864-810;GASOLINA ADITIVADA;30/05/2021;5,799;;R$ / litro;VIBRA ENERGIA;1º semestre;
NE;BA;ITABUNA;DERIVADOS DE PETROLEO E SERVICOS LTDA; 14.345.573/0001-61;AVENIDA JOSE SOARES PINHEIRO;2261;TERREO;LOMANTO JUNIOR;45601-051;GASOLINA;16/03/2021;6,06;;R$ / litro;BRANCA;1º semestre;
SE;SP;SAO PAULO;AUTO POSTO FLOR DA LUZ LTDA; 03.546.766/0001-64;RUA JOAO TEODORO;284;;BOM RETIRO;01105-000;DIESEL S10;23/03/2021;4,299;;R$ / litro;RAIZEN;1º semestre;
NE;PE;JABOATAO DOS GUARARAPES;SANTO ALEIXO COMERCIO DE COMBUSTIVEIS LTDA; 01.389.571/0001-22;ESTRADA DA LUZ;2284;;SANTO ALEIXO;54120-050;GASOLINA;03/01/2021;4,39;;R$ / litro;IPIRANGA;1º semestre;
SE;SP;BARRETOS;CARVALHO & FILHO AUTO POSTO LTDA; 21.309.388/0001-87;AVENIDA ENGENHEIRO NECKER CARVALHO DE CAMARGOS;2230;;AMERICA;14783-085;DIESEL S10;31/05/2021;4,699;;R$ / litro;IPIRANGA;1º semestre;
;BA;SALVADOR;POSTO GARIBALDI REVENDEDORA DE COMBUSTIVEIS E LUBRIFICANTES LTDA; 11.170.833/0001-17;AVENIDA ANITA GARIBALDI;1746;;ONDNA;40170-130;ETANOL;15/11/2021;5,64;;R$ / litro;BRANCA;2º semestre;NE
SE;SP;ADAMANTINA;MARCIO A SPOSITO TRANSPORTES LTDA; 54.187.588/0002-44;AVENIDA RIO BRANCO;1625;;VILA INDUSTRIAL;17800-000;GASOLINA;28/04/2021;5,59;;R$ / litro;IPIRANGA;1º semestre;
;SC;MAFRA;COMERCIO DE COMB. JK LTDA; 00.987.292/0001-06;RUA SIQUEIRA CAMPOS;27;;CENTRO;89300-000;DIESEL S10;06/09/2021;5,749;;R$ / litro;VIBRA ENERGIA;2º semestre;S
CO;GO;FORMOSA;FENIX COMERCIO DE COMBUSTIVEIS LTDA; 25.078.775/0001-00;RUA WALDEMIRO DE MIRANDA;238;;CENTRO;73801-310;ETANOL;28/03/2021;4,279;;R$ / litro;VIBRA ENERGIA;1º semestre;
;MG;UBERABA;POSTO DA SAUDADE LTDA; 02.498.326/0001-16;AVENIDA DA SAUDADE;914;;MERCES;38061-000;GASOLINA;17/08/2021;6,199;;R$ / litro;BRANCA;2º semestre;SE
NE;CE;FORTALEZA;ORGANIZACAO HELIO MEIRELES PETROLEO LTDA; 73.676.140/0001-58;AVENIDA SANTOS DUMONT;5450;;PAPICU;60150-162;GASOLINA;12/01/2021;4,799;;R$ / litro;PETROBRAS DISTRIBUIDORA S.A.;1º semestre;
;PB;JOAO PESSOA;CRISTO REDENTOR COMERCIO DE COMBUSTIVEIS LTDA; 28.134.649/0001-14;AVENIDA DOIS DE FEVEREIRO;793;TERREO101;VARJAO;58070-000;DIESEL S10;21/12/2021;5,49;;R$ / litro;BRANCA;2º semestre;NE
;PR;UNIAO DA VITORIA;AUTO POSTO IPIRANGA LTDA; 81.642.308/0001-32;AVENIDA MANOEL RIBAS;988;;CENTRO;84600-010;GASOLINA ADITIVADA;03/11/2021;6,86;;R$ / litro;IPIRANGA;2º semestre;S
S;RS;PORTO ALEGRE;DLS ABASTECEDORA DE COMBUSTIVEIS LTDA; 33.981.224/0001-80;AVENIDA IPIRANGA;435;;PRAIA DE BELAS;90160-092;GASOLINA ADITIVADA;07/02/2021;4,899;;R$ / litro;BRANCA;1º semestre;
NE;CE;MARACANAU;POSTO BOTO LTDA; 03.020.995/0001-40;AVENIDA PADRE JOSE HOLANDA DO VALE;809;;PIRATININGA;61905-000;GASOLINA ADITIVADA;01/04/2021;5,649;;R$ / litro;RAIZEN;1º semestre;
;MG;GOVERNADOR VALADARES;COMERCIO DE COMBUSTIVEIS MORADA DO VALE LTDA; 28.157.925/0001-60;AVENIDA MINAS GERAIS;3000;;GRA-DUQUESA;35057-760;GASOLINA;07/09/2021;6,399;;R$ / litro;BRANCA;2º semestre;SE
S;SC;BLUMENAU;POSTO ITOUPAVAZINHA LTDA; 02.714.732/0001-79;RUA FREDERICO JENSEN;1080;;ITOUPAVAZINHA;89066-301;GASOLINA ADITIVADA;24/05/2021;5,699;;R$ / litro;VIBRA ENERGIA;1º semestre;
NE;MA;SAO LUIS;POSTO NATUREZA COHAB E SERVICOS LTDA; 26.060.330/0001-66;AVENIDA JERONIMO DE ALBUQUERQUE MARANHAO;5;;COHAB ANIL I;65051-210;ETANOL;07/04/2021;4,399;;R$ / litro;SABBÃ;1º semestre;
;SP;PINDAMONHANGABA;AUTO POSTO AVENIDA BOM SUCESSO LTDA; 54.125.844/0001-98;AVENIDA N SRA DO BOM SUCESSO;841;;CAMPO ALEGRE;12420-010;ETANOL;10/11/2021;5,229;;R$ / litro;IPIRANGA;2º semestre;SE
S;RS;BAGE;F.F.STAEVIE COMBUSTIVEIS LTDA; 05.757.241/0001-01;AVENIDA SANTA TECLA;1891;;GETULIO VARGAS;96413-000;DIESEL;07/06/2021;4,898;;R$ / litro;VIBRA ENERGIA;1º semestre;
;RS;SANTO ANGELO;POSTO SANTA TEREZINHA LTDA; 87.723.417/0008-37;AVENIDA GETULIO VARGAS;3636;TERREOTREVO DA URI;CENTRO NORTE;98801-630;DIESEL;02/08/2021;4,699;;R$ / litro;BRANCA;2º semestre;S
;AM;MANAUS;INTERLAGOS DERIVADOS DE PETRÓLEO LTDA.; 06.539.938/0001-60;RUA JOÃO CÂMARA;17;QD. 428, CONJUNTO CIDADE NOVA IV-ETAPA 4-NUCLEO 16;CIDADE NOVA;69098-320;GASOLINA;28/12/2021;6,599;;R$ / litro;VIBRA ENERGIA;2º semestre;N
SE;RJ;RIO DE JANEIRO;AUTO POSTO CRISTIANE LTDA; 42.254.086/0001-29;ESTRADA DOS BANDEIRANTES;4680;;JACAREPAGUA;22783-117;GNV;18/01/2021;3,199;;R$ / mÂ³;IPIRANGA;1º semestre;
S;PR;CASCAVEL;GONCALVES TORRES & COSTA LTDA; 08.049.268/0001-20;RUA ALTEMAR DUTRA;1288;;JD CLARITO;85815-460;DIESEL;19/04/2021;3,98;;R$ / litro;RAIZEN;1º semestre;
SE;SP;FRANCA;AUTO POSTO PAINEIRAO III - EIRELI; 07.242.658/0001-59;AVENIDA DR HELIO PALERMO;4415;;JDM DR ANTONIO PETRA;14409-045;DIESEL S10;23/02/2021;4,079;;R$ / litro;BRANCA;1º semestre;
;RS;ERECHIM;COOPERATIVA DE ACESSO COLETIVO AOS BENS E SERVICOS DE CONSUMO DO ALTO URUGUAI LTDA; 07.639.400/0002-71;AVENIDA CALDAS JUNIOR;1555;;BOA VISTA;99714-052;DIESEL S10;30/08/2021;4,448;;R$ / litro;MAXSUL;2º semestre;S
;SP;ARARAS;POSTO TIGER ARARAS LTDA; 03.830.667/0001-00;AVENIDA DONA RENATA;1835;;BOA VISTA;13601-000;GASOLINA;08/11/2021;6,376;;R$ / litro;BRANCA;2º semestre;SE
SE;ES;VITORIA;POSTO THIAGO LIMITADA; 01.514.752/0001-33;AVENIDA CEZAR HILAL;868;;BENTO FERREIRA;29050-662;GASOLINA;01/02/2021;4,799;;R$ / litro;PETROBRAS DISTRIBUIDORA S.A.;1º semestre;
;RJ;NOVA FRIBURGO;M THURLER & CIA LTDA; 28.551.018/0001-09;PRACA ROTARY;22;;OLARIA;28623-050;DIESEL S10;27/09/2021;4,899;;R$ / litro;RAIZEN;2º semestre;SE
;RJ;TERESOPOLIS;POSTO VALE PARAISO LTDA; 32.189.334/0002-22;AVENIDA DELFIM MOREIRA;1972;;VALE DO PARAISO;25976-017;GASOLINA;29/12/2021;6,995;;R$ / litro;BRANCA;2º semestre;SE
;RN;PARNAMIRIM;CIRNE PNEUS COMERCIO E SERVICOS LTDA; 35.304.542/0010-23;AVENIDA PILOTO PEREIRA TIM;2279;;CENTRO;59140-001;GASOLINA;14/07/2021;6,35;;R$ / litro;BRANCA;2º semestre;NE
;BA;VITORIA DA CONQUISTA;AUTO POSTO BAMBU LTDA.; 03.172.451/0001-02;AVENIDA JURACY MAGALHAES;70;;JUREMA;45023-490;DIESEL S10;28/12/2021;5,399;;R$ / litro;BRANCA;2º semestre;NE
SE;SP;TAUBATE;CENTRO AUTOMOTIVO SETE ESTRELAS LTDA; 55.278.543/0009-14;AVENIDA DOM PEDRO I;5391;;JARDIM BARONESA;12091-000;DIESEL S10;30/06/2021;4,299;;R$ / litro;BRANCA;1º semestre;
SE;SP;SAO PAULO;CENTRO DE ABASTECIMENTO DE GAS MILENA LTDA; 04.815.245/0001-28;AVENIDA OTAVIANO ALVES DE LIMA;3926;;NOSSA SRA DO O;02901-000;GNV;23/02/2021;2,799;;R$ / mÂ³;RAIZEN;1º semestre;
;PA;MARABA;POSTO FAZENDAO LTDA; 01.073.551/0001-48;RODOVIA BR 230 - TRANSAMAZONICA;S/N;C/ ESTRADA DO SOCORRO;CIDADE NOVA;68502-440;DIESEL S10;14/07/2021;4,71;;R$ / litro;IPIRANGA;2º semestre;N
SE;RJ;NOVA IGUACU;AUTO POSTO AUSTRAL DE GNV LTDA; 03.633.372/0001-43;RODOVIA PRESIDENTE DUTRA;15,2;;JARDIM ESPLANADA;26210-000;GASOLINA;01/06/2021;6,229;;R$ / litro;BRANCA;1º semestre;
;PB;JOAO PESSOA;J P COMERCIO DE COMBUSTIVEIS LTDA; 41.118.415/0001-41;AVENIDA MINISTRO JOSE AMERICO DE ALMEIDA;511;;TORRE;58040-300;GASOLINA ADITIVADA;25/10/2021;6,198;;R$ / litro;BRANCA;2º semestre;NE
NE;PE;RECIFE;CAMPOS DE MORAIS COMBUSTIVEIS LTDA; 29.841.774/0001-27;AVENIDA VISCONDE DE SAO LEOPOLDO;257;;ENGENHO DO MEIO;50730-120;DIESEL S10;09/03/2021;4,199;;R$ / litro;VIBRA ENERGIA;1º semestre;
;RN;NATAL;POSTO OLINDA LTDA; 40.756.983/0003-77;AVENIDA ENGENHEIRO ROBERTO FREIRE;1810;;CAPIM MACIO;59082-095;ETANOL;27/12/2021;5,69;;R$ / litro;RAIZEN;2º semestre;NE
;SP;FRANCA;AUTO POSTO DISTRITO LTDA.; 09.294.408/0001-98;AVENIDA DOUTOR SEVERINO TOSTES MEIRELLES;1250;;SÃO JOAQUIM;14406-004;DIESEL;06/07/2021;4,459;;R$ / litro;RAIZEN;2º semestre;SE
;AC;RIO BRANCO;JOAFRA - AUTO POSTO EIRELI; 07.466.381/0001-48;AVENIDA GOVERNADOR EDMUNDO PINTO;1502;;CONJUNTO RUI LINO;69919-850;DIESEL S10;06/07/2021;5,49;;R$ / litro;IPIRANGA;2º semestre;N
SE;SP;INDAIATUBA;POSTO DOS ESTEVES LTDA; 20.763.169/0001-00;AVENIDA ITORORO;160;;CENTRO;13330-055;GASOLINA;18/02/2021;4,889;;R$ / litro;IPIRANGA;1º semestre;
;MG;TEOFILO OTONI;AUTO POSTO FILADELFIA LTDA; 25.357.111/0001-80;AVENIDA ALFREDO SA;1650;;JARDIM DAS ACACIAS;39803-000;DIESEL;09/11/2021;5,279;;R$ / litro;BRANCA;2º semestre;SE
;BA;SALVADOR;ENTREPOSTO COMERCIAL DE AMARALINA LTDA; 26.571.630/0001-00;AVENIDA AMARALINA;441;;AMARALINA;41900-020;ETANOL;28/07/2021;4,89;;R$ / litro;BRANCA;2º semestre;NE
SE;MG;UBERABA;AUTO POSTO ESTORIL DE UBERABA LTDA; 26.459.294/0001-08;AVENIDA GUILHERME FERREIRA;2051;;SAO BENEDITO;38022-200;ETANOL;10/03/2021;4,199;;R$ / litro;BRANCA;1º semestre;
;SP;SANTO ANDRE;KELLY AUTO POSTO LTDA; 53.881.678/0001-97;AVENIDA DOM PEDRO I;181;;SILVEIRAS;09110-001;DIESEL S10;25/10/2021;5,199;;R$ / litro;IPIRANGA;2º semestre;SE
SE;SP;PIRASSUNUNGA;SUCESSO PIRASSUNUNGA AUTOPOSTO LTDA - EM RECUPERACAO JUDICIAL; 44.823.193/0001-56; A PADRE ANTONIO VAN ESS;1144;;BAIRRO DA RAIA;13631-301;GASOLINA;07/04/2021;4,899;;R$ / litro;BRANCA;1º semestre;
;MG;UBERABA;JOSE PUERTAS JIMENEZ & FILHOS LTDA; 26.281.022/0002-41;AVENIDA JOSE VALLIM DE MELLO;1156;;PARQUE GAMELEIRAS;38037-070;GASOLINA;06/12/2021;6,99;;R$ / litro;BRANCA;2º semestre;SE
N;AP;MACAPA;J C DA S FARIAS EIRELI; 03.281.737/0001-18;AVENIDA ANTONIO COELHO DE CARVALHO;2257;SALA  A;CENTRAL;68901-280;GASOLINA ADITIVADA;28/04/2021;5,35;;R$ / litro;IPIRANGA;1º semestre;
NE;PB;CAMPINA GRANDE;POSTO DE COMBUSTIVEIS ANEL DO BREJO LTDA; 08.587.065/0001-97;RUA DR VASCONCELOS;127;;ALTO BRANCO;58102-501;DIESEL;30/06/2021;4,359;;R$ / litro;FEDERAL ENERGIA;1º semestre;
;SP;CAMPINAS;AUTO POSTO GLOBAL DE CAMPINAS LTDA; 01.369.330/0001-11;RUA MARQUES DE VALENÇA;60;20;JD. SANTA GENEBRA;13080-230;DIESEL;15/11/2021;5,099;;R$ / litro;IPIRANGA;2º semestre;SE
NE;MA;SAO LUIS;POSTO DE GASOLINA SECULO XXI LTDA; 07.801.429/0001-27;AVENIDA JERONIMO DE ALBUQUERQUE MARANHAO;2005;AREA 01;CONJ HABITACIONAL VINHAIS;65071-010;ETANOL;16/06/2021;4,89;;R$ / litro;SABBÃ;1º semestre;
;PE;RECIFE;A. V. COMBUSTIVEIS LTDA; 02.162.112/0002-55;AVENIDA DEZESSETE DE AGOSTO;2290;;POCO;52060-485;ETANOL;15/12/2021;5,199;;R$ / litro;DISLUB;2º semestre;NE
SE;MG;MONTES CLAROS;COMERCIAL J P FILHO LTDA - ME; 25.273.657/0001-53;AVENIDA DOUTOR MARIO TOURINHO;S/N;LOTE  03;CAMILO PRATES;39402-885;ETANOL;08/06/2021;4,39;;R$ / litro;RAIZEN;1º semestre;
SE;SP;VOTORANTIM;AUTO POSTO VOTOSETE LTDA.; 71.861.058/0001-78;AVENIDA 31 DE MARCO;60;;CENTRO;18110-005;GASOLINA;02/06/2021;5,499;;R$ / litro;VIBRA ENERGIA;1º semestre;
;PR;MARINGA;POSTO VILLA MONÇÕES LTDA; 13.030.482/0001-74;AVENIDA CARLOS CORREIA BORGES;1291;;CONJUNTO HABITACIONAL INOCENTE VILA NOVA JUNIOR;87060-000;ETANOL;11/08/2021;4,54;;R$ / litro;IPIRANGA;2º semestre;S
;MT;ALTA FLORESTA;AUTO POSTO BURIOL LTDA; 04.481.758/0001-40;AVENIDA ARIOSTO DA RIVA;S/N;LOTE AC 35/2;CENTRO;78580-000;DIESEL;18/11/2021;6,46;;R$ / litro;VIBRA ENERGIA;2º semestre;CO
;MG;PASSOS;AUTO POSTO 17 EIRELI; 29.896.359/0001-70;PRACA DO CRUZEIRO;211;;PENHA;37903-024;ETANOL;28/09/2021;4,799;;R$ / litro;BRANCA;2º semestre;SE
N;AM;ITACOATIARA;MARCOS ANTONIO DA SILVA CABRAL; 03.019.535/0002-83;AVENIDA ARMINDO AUZIER;1,448;;ARAÃJO COSTA;69100-000;DIESEL;03/05/2021;4,95;;R$ / litro;BRANCA;1º semestre;
S;RS;SAPUCAIA DO SUL;COMERCIAL DE COMBUSTIVEIS SAPUCAIA DO SUL LTDA; 28.985.204/0001-48;AVENIDA JOAO PEREIRA DE VARGAS;2561;;NOVA SAPUCAIA;93230-210;GASOLINA ADITIVADA;11/02/2021;4,779;;R$ / litro;BRANCA;1º semestre;
S;PR;SAO JOSE DOS PINHAIS;AUTO POSTO SANTA PAULINA LTDA.; 81.304.677/0001-15;RUA XV DE NOVEMBRO;2952;0;CENTRO;83005-000;GASOLINA ADITIVADA;24/02/2021;5,199;;R$ / litro;RAIZEN;1º semestre;
SE;SP;TUPA;AUTO POSTO BICHIM IV LTDA; 04.996.223/0001-01;RUA AIMORES;816;;CENTRO;17601-020;DIESEL;09/06/2021;4,509;;R$ / litro;BRANCA;1º semestre;
NE;BA;SALVADOR;TORORO POSTO DE SERVICO LTDA; 20.467.448/0001-27;AVENIDA PRESIDENTE  COSTA E SILVA;S/N;;TORORO;40050-115;GASOLINA ADITIVADA;24/03/2021;5,99;;R$ / litro;VIBRA ENERGIA;1º semestre;
SE;SP;SAO PAULO;POSTO DE SERVICOS FERNAO DIAS LTDA; 43.222.744/0001-63;RODOVIA FERNAO DIAS;S/N;KM 86;TUCURUVI;02238-000;GASOLINA;14/04/2021;5,199;;R$ / litro;RAIZEN;1º semestre;
;SP;PRAIA GRANDE;AUTO POSTO VILAMAR LTDA; 35.494.840/0001-32;AVENIDA GUADALAJARA;1330;;GUILHERMINA;11702-210;DIESEL;05/10/2021;4,679;;R$ / litro;BRANCA;2º semestre;SE
;SC;BRUSQUE;KI POSTO LTDA; 05.854.206/0001-00;AVENIDA GETULIO VARGAS;388;;CENTRO;88353-000;DIESEL S10;31/08/2021;4,59;;R$ / litro;IPIRANGA;2º semestre;S
;PE;JABOATAO DOS GUARARAPES;R C DE SOUSA; 10.599.647/0001-35;ESTRADA  DA LUZ;315;;SANTO ALEIXO;54120-050;GASOLINA ADITIVADA;02/11/2021;6,78;;R$ / litro;RAIZEN;2º semestre;NE
;PE;ARCOVERDE;IRMAOS FREIRE DE LIMA LIMITADA; 10.583.052/0001-91;AVENIDA OSVALDO CRUZ;1651;ESTRADA BR 424 KM 1       COM BR 232 KM 259;SAO CRISTOVAO;56512-670;GASOLINA ADITIVADA;05/07/2021;5,798;;R$ / litro;TEMAPE;2º semestre;NE
;GO;MINEIROS;JRT COMBUSTIVEIS LTDA; 19.850.532/0001-46;AVENIDA ANTONIO CARLOS PANIAGO;124;ESQUINA C/RUA 6;SETOR SAO BENTO;75830-002;ETANOL;02/08/2021;4,743;;R$ / litro;VIBRA ENERGIA;2º semestre;CO
S;PR;MARINGA;DIGOS CORCOVADO COMERCIO DE COMBUSTIVEIS LTDA; 02.303.813/0001-86;AVENIDA BENTO MUNHOZ DA ROCHA NETTO;621;;ZONA 07;87030-010;DIESEL S10;24/03/2021;4,49;;R$ / litro;RAIZEN;1º semestre;
;CE;FORTALEZA;COMERCIAL SUPER DE DERIVADOS DE PETRÓLEO LTDA; 05.916.454/0001-20;RUA HERIBALDO COSTA;450;;HENRIQUE JORGE;60525-190;GASOLINA;25/07/2021;5,97;;R$ / litro;ALESAT;2º semestre;NE
;MG;MURIAE;E.A.L VARGAS COMERCIO COMBUSTIVEIS EIRELI; 36.288.637/0001-72;AVENIDA ALTINO RODRIGUES PEREIRA;1345;;FRANCO SUICO;36886-160;GASOLINA ADITIVADA;05/09/2021;6,599;;R$ / litro;RAIZEN;2º semestre;SE
;SE;ARACAJU;A.C. POSTO DE COMBUSTIVEIS LTDA.; 24.642.486/0001-20;AVENIDA FRANCISCO PORTO;140;;TREZE DE JULHO;49020-120;GASOLINA ADITIVADA;23/11/2021;7,149;;R$ / litro;RAIZEN;2º semestre;NE
;SP;SANTO ANDRE;NEON AUTO POSTO LTDA; 01.796.472/0001-65;RUA ITALIA;633;;PQ. DAS NACOES;09210-040;GASOLINA ADITIVADA;02/08/2021;5,599;;R$ / litro;RAIZEN;2º semestre;SE
;SP;VINHEDO;AUTO POSTO VINHEDENSE LTDA; 72.907.850/0001-89;RUA JUNDIAI;160;;VINHEDO;13280-000;GASOLINA;10/11/2021;6,259;;R$ / litro;BRANCA;2º semestre;SE
SE;SP;TABOAO DA SERRA;AUTO POSTO EUROPA LTDA.; 04.847.983/0001-57;ESTRADA BENEDITO CESARIO DE OLIVERIA;1970;;JD. RECORD;06767-281;GASOLINA;18/05/2021;5,099;;R$ / litro;BRANCA;1º semestre;
;SP;INDAIATUBA;COMERCIAL VIHEMA LTDA; 02.500.328/0001-00;RUA ADEMAR DE BARROS;2160;;VILA GEORGINA;13333-140;ETANOL;24/08/2021;4,397;;R$ / litro;VIBRA ENERGIA;2º semestre;SE
;PA;SANTAREM;S. & L. LTDA; 18.450.168/0001-64;AVENIDA ANISIO CHAVES;1785;;AEROPORTO VELHO;68030-290;GASOLINA ADITIVADA;27/09/2021;6,26;;R$ / litro;SABBÁ;2º semestre;N
;MA;IMPERATRIZ;POSTO SANTA TEREZA LTDA; 06.498.638/0001-80;ROD.BR 010;S/N;KM 1353;COCO GRANDE;65903-390;DIESEL;18/08/2021;4,589;;R$ / litro;SABBÁ;2º semestre;NE
;RJ;RIO DE JANEIRO;AUTO POSTO PARADA DE BANGU LTDA; 29.615.923/0001-30;RUA RANGEL PESTANA;34;E 48 C/ ENTRADA           SUPLEMENTAR NA RUA        DA FEIRA 119 E 131;BANGU;21820-040;GASOLINA;17/08/2021;6,599;;R$ / litro;RAIZEN;2º semestre;SE
CO;GO;FORMOSA;FACE COMBUSTIVEIS - LTDA; 03.528.587/0001-02;AVENIDA TANCREDO NEVES;650;;SETOR BOSQUE;73802-005;ETANOL;06/06/2021;4,689;;R$ / litro;RAIZEN;1º semestre;
;SP;PIRASSUNUNGA;TERNG LEE HUA; 06.131.760/0001-14;AVENIDA CAP. ANTONIO JOAQUIM MENDES;662;;JD CARLOS GOMES;13633-030;GASOLINA;02/08/2021;5,6;;R$ / litro;BRANCA;2º semestre;SE
N;AC;RIO BRANCO;D. B. DE SOUSA EIRELI; 11.429.349/0001-60;AVENIDA CEARA;2,767;LOJA  5;ABRAAO ALAB;69907-000;ETANOL;02/03/2021;4,71;;R$ / litro;EQUADOR;1º semestre;
NE;CE;FORTALEZA;M. LUZ COMERCIO DE COMBUSTIVEIS LTDA; 08.912.686/0001-07;RODOVIA BR 116;9310;LOJA 06;BARROSO;60850-015;ETANOL;18/04/2021;4,47;;R$ / litro;BRANCA;1º semestre;
;SP;BRAGANCA PAULISTA;POSTO DOM PEDRO BRAGANCA URBANO LTDA; 55.928.337/0001-55;RUA CEL DANIEL PELUSO;541;;MATADOURO;12900-005;DIESEL S10;02/09/2021;4,499;;R$ / litro;BRANCA;2º semestre;SE
SE;RJ;RIO DE JANEIRO;POSTO DE ABASTECIMENTO GALLENA LAGOA LTDA.; 11.398.725/0001-04;AVENIDA EPITACIO PESSOA;1354;;IPANEMA;22411-072;DIESEL S10;28/03/2021;4,47;;R$ / litro;IPIRANGA;1º semestre;
S;PR;CURITIBA;AUTO POSTO SOL LEVANTE LTDA; 79.173.639/0001-29;RUA TRAJANO REIS;614;;SAO FRANCISCO;80510-220;GASOLINA;14/03/2021;5,299;;R$ / litro;BRANCA;1º semestre;
SE;RJ;NITEROI;POSTO VIP GAVIAO EIRELI; 31.002.811/0001-55;RUA GAVIAO PEIXOTO;360;;ICARAI;24230-103;GASOLINA ADITIVADA;16/05/2021;6,099;;R$ / litro;IPIRANGA;1º semestre;
SE;RJ;MACAE;POSTO TITAN DE MACAE LTDA; 05.374.546/0001-26;ESTRADA L;S/N;SÃTIO DA SERRA;NOVO CAVALEIROS;27930-070;GASOLINA ADITIVADA;23/06/2021;6,55;;R$ / litro;VIBRA ENERGIA;1º semestre;
N;AM;MANAUS;POSTO DISTRITO COMERCIO DE COMBUSTIVEIS LTDA; 21.185.520/0002-77;AVENIDA AUTAZ MIRIM;3740;;ZUMBI DOS PALMARES;69084-005;GASOLINA;27/04/2021;5,499;;R$ / litro;ATEM' S;1º semestre;
;SP;MAUA;AUTO POSTO CAPITAO LTDA; 57.600.595/0001-33;AVENIDA CAPITÃO JOÃO;516;;CENTRO;09360-120;GASOLINA;22/12/2021;6,298;;R$ / litro;VIBRA ENERGIA;2º semestre;SE
S;RS;SAPUCAIA DO SUL;ABASTECEDORA DE COMBUSTIVEL NOVA SAPUCAIA LTDA; 27.860.613/0001-55;AVENIDA CORONEL THEODOMIRO PORTO DA FONSECA;885;QUADRA01                  SETOR 04H21;NOVA SAPUCAIA;93226-343;DIESEL;12/05/2021;4,199;;R$ / litro;IPIRANGA;1º semestre;
SE;SP;SANTO ANDRE;NEON AUTO POSTO LTDA; 01.796.472/0001-65;RUA ITALIA;633;;PQ. DAS NACOES;09210-040;GASOLINA ADITIVADA;14/06/2021;5,499;;R$ / litro;RAIZEN;1º semestre;
SE;SP;FRANCA;POSTO JARDIM ALVORADA DE FRANCA LTDA; 00.920.332/0001-94;RUA REINALDO CHIOCA;1883;;JARDIM ALVORADA;14403-085;GASOLINA ADITIVADA;26/04/2021;5,459;;R$ / litro;BRANCA;1º semestre;
;RJ;SAO GONCALO;A.P.J. ALCANTARA COMERCIO DE COMBUSTIVEIS LTDA; 07.590.758/0001-76;RUA JOVELINO DE OLIVEIRA VIANNA;410;;ALCANTARA;24710-470;GASOLINA ADITIVADA;18/07/2021;6,199;;R$ / litro;VIBRA ENERGIA;2º semestre;SE
;CE;LIMOEIRO DO NORTE;R T COMBUSTIVEIS EIRELI; 29.983.652/0005-07;RUA MANFREDO DE OLIVEIRA;1011;;SANTA LUZIA;62930-000;GASOLINA ADITIVADA;09/11/2021;7,149;;R$ / litro;BRANCA;2º semestre;NE
;SP;SAO PAULO;SOMBRA DA PAINEIRA AUTO POSTO LTDA; 43.620.491/0001-86;AVENIDA MAL TITO;1936;;SAO MIGUEL PAULISTA;08210-040;GASOLINA ADITIVADA;15/07/2021;5,299;;R$ / litro;BRANCA;2º semestre;SE
;SP;ASSIS;AUTO POSTO ROTATORIA SAO FRANCISCO LTDA; 13.504.817/0001-49;AVENIDA RUI BARBOSA;2065;;JARDIM PAULISTA;19816-000;ETANOL;15/08/2021;4,599;;R$ / litro;RAIZEN;2º semestre;SE
;MS;CAMPO GRANDE;POSTO VIA NORTE LTDA; 20.025.135/0002-08;RUA RUI BARBOSA;1263;;CENTRO;79004-430;GASOLINA ADITIVADA;21/10/2021;6,289;;R$ / litro;VIBRA ENERGIA;2º semestre;CO
S;PR;CAMPO MOURAO;MAX CAMP AUTO POSTO LTDA; 09.325.715/0001-99;RUA PITANGA;331;;CENTRO;87301-060;ETANOL;10/05/2021;4,14;;R$ / litro;BRANCA;1º semestre;
SE;MG;UBERLANDIA;CAMARU COMERCIO DE COMBUSTIVEIS LTDA; 34.023.027/0001-11;RUA JURACY JUNQUEIRA REZENDE;121;;PAMPULHA;38408-656;GASOLINA;29/03/2021;5,55;;R$ / litro;VIBRA ENERGIA;1º semestre;
;PE;PAULISTA;POSTO SHOPING LTDA; 04.198.744/0001-13;RODOVIA PE  15;120;;ARTHUR LUNDGREN;53416-150;DIESEL S10;06/12/2021;5,39;;R$ / litro;FEDERAL ENERGIA;2º semestre;NE
;RS;GUAIBA;ABASTECEDORA DE COMBUSTIVEIS RIOXEL LTDA; 03.358.858/0008-97;RUA BARRA DO RIBEIRO;211;;COLUMBIA CITY;92500-000;GASOLINA;23/11/2021;6,99;;R$ / litro;IPIRANGA;2º semestre;S
;CE;JUAZEIRO DO NORTE;AZUL ENTULHOS - COLETA DE RESIDUOS LTDA; 21.774.287/0002-68;RUA SEBASTIAO PALMEIRA;235;;PEDRINHAS;63018-135;DIESEL S10;09/11/2021;5,709;;R$ / litro;RAIZEN;2º semestre;NE
S;PR;UMUARAMA;RJF2 COMBUSTIVEIS E CONVENIENCIAS DE UMUARAMA LTDA; 31.063.836/0001-69;AVENIDA GUARANI;2252;;ZONA IV;87504-030;GASOLINA;18/04/2021;5,29;;R$ / litro;BRANCA;1º semestre;
N;PA;ALENQUER;A L VIEIRA DA SILVA - EPP; 14.156.566/0001-11;ESTRADA PAES DE CARVALHO;S/N;;PLANALTO;68200-000;DIESEL S10;11/05/2021;5,2;;R$ / litro;EQUADOR;1º semestre;
SE;SP;SANTA BARBARA D'OESTE;MENPHIS COMERCIO DE COMBUSTIVEIS LTDA; 59.676.015/0001-17;RUA TUPIS;1495;;JD SAO FRANCISCO;13456-033;ETANOL;08/06/2021;4,097;;R$ / litro;BRANCA;1º semestre;
NE;CE;FORTALEZA;POSTO GUARACI LTDA; 34.959.478/0001-65;PRACA GUSTAVO BARROSO;S N;;JACARECANGA;60010-700;GASOLINA ADITIVADA;27/06/2021;5,925;;R$ / litro;VIBRA ENERGIA;1º semestre;
SE;SP;BARRETOS;SOBERANO AUTO POSTO LTDA; 05.118.231/0001-18;RUA 4;174;;SAO JORGE;14780-717;ETANOL;13/01/2021;2,999;;R$ / litro;BRANCA;1º semestre;
;GO;FORMOSA;WINNER COMERCIO DE COMBUSTIVEIS LTDA; 09.029.375/0002-30;AVENIDA BRASILIA;368;;FORMOSINHA;73813-010;GASOLINA;01/11/2021;7,207;;R$ / litro;RAIZEN;2º semestre;CO
SE;SP;ARACATUBA;AMERICA CENTRO DE ABASTECIMENTO DE COMBUSTIVEIS LTDA; 09.356.317/0001-30;RUA EDGAR JARDIM BASTOS;48;;JARDIM NOVA IORQUE;16018-410;GASOLINA;09/03/2021;5,299;;R$ / litro;IPIRANGA;1º semestre;
SE;SP;CARAPICUIBA;BOX 44 POSTO E SERVIÃOS LTDA.; 06.125.069/0001-28;AVENIDA INOCÃNCIO SERÃFICO;2660;;VILA SILVIANIA;06380-021;DIESEL S10;27/04/2021;4,299;;R$ / litro;RAIZEN;1º semestre;
;BA;FEIRA DE SANTANA;A.S. DERIVADOS DE PETROLEO LTDA; 08.348.990/0001-65;RUA ITAUEIRA;444;TERREO;PARQUE GETULIO VARGAS;44065-610;DIESEL S10;31/08/2021;4,56;;R$ / litro;RAIZEN;2º semestre;NE
SE;SP;ITAQUAQUECETUBA;DAVO SUPERMERCADOS LTDA; 52.130.481/0023-69;AVENIDA ITALO ADAMI;1809;"LETRA: B;";VILA ZEFERINA;08573-000;GASOLINA ADITIVADA;05/05/2021;5,399;;R$ / litro;IPIRANGA;1º semestre;
N;AC;RIO BRANCO;AUTO POSTO PARATI LTDA; 34.697.730/0001-05;RUA   ISAURA PARENTE;434;;ISAURA PARENTE;69918-340;GASOLINA ADITIVADA;30/03/2021;6,3;;R$ / litro;SABBÃ;1º semestre;
;MG;SAO SEBASTIAO DO PARAISO;SAMAMBAIA AUTO POSTO LTDA; 17.618.091/0001-26;AVENIDA MONSENHOR MANCINI;S/N;;VIDA DALVA;37950-000;GASOLINA;09/08/2021;6,499;;R$ / litro;IPIRANGA;2º semestre;SE
;SP;SAO PAULO;AUTO POSTO BOXTER PARQUE NOVO MUNDO LTDA; 21.021.038/0001-10;RUA CABO OSCAR ROSSINI;996;;PARQUE NOVO MUNDO;02186-030;DIESEL;26/08/2021;4,349;;R$ / litro;BRANCA;2º semestre;SE
;MT;VARZEA GRANDE;POSTO 10 LIMITADA; 03.244.374/0003-02;AVENIDA COUTO MAGALHAES;2561;;CENTRO;78110-400;ETANOL;21/07/2021;3,899;;R$ / litro;VIBRA ENERGIA;2º semestre;CO
;CE;FORTALEZA;A M COMERCIAL DE PETROLEO LTDA; 35.031.996/0001-87;AVENIDA GAL OSORIO DE PAIVA;2450;;PARANGABA;60720-001;DIESEL S10;29/11/2021;5,69;;R$ / litro;VIBRA ENERGIA;2º semestre;NE
NE;BA;ILHEUS;ATLANTICO COM VAREJISTA DE COMBUSTIVEIS EIRELI; 23.815.289/0001-00;AVENIDA RAYMUNDO SA BARRETO;S/N;KM    2 5;JARDIM SAVOIA;45658-250;GASOLINA ADITIVADA;02/03/2021;5,799;;R$ / litro;RAIZEN;1º semestre;
;MT;CUIABA;LIDERGÁS TRANSPORTE, COMÉRCIO E DISTRIBUIDORA  LTDA.; 73.725.517/0002-00;AVENIDA COXIPO MIRIM;240;;NOVO HORIZONTE;78055-840;GASOLINA ADITIVADA;07/09/2021;6,299;;R$ / litro;BRANCA;2º semestre;CO
;RS;ESTEIO;GC COMERCIO DE COMBUSTIVEIS LTDA; 15.048.833/0001-08;AVENIDA LUIZ PASTEUR;1893;LOTE  03;PARQUE TAMANDARE;93260-360;GASOLINA;09/12/2021;6,839;;R$ / litro;BRANCA;2º semestre;S
;SP;ATIBAIA;AUTO POSTO CANOA LTDA; 02.037.736/0001-60;AVENIDA PREF. ANTONIO JULIO T. GARCIA LOPES;1162;;JARDIM CEREJEIRAS;12951-270;DIESEL S10;10/11/2021;5,189;;R$ / litro;BRANCA;2º semestre;SE
;RO;VILHENA;AUTO POSTO TAFFAREL LTDA - ME; 11.323.517/0001-38;AV: JO SATO;605;;JARDIM AMERICA;76980-000;GASOLINA;29/07/2021;5,989;;R$ / litro;IPIRANGA;2º semestre;N
SE;SP;CAMPINAS;CENTRO AUTOMOTIVO RIVIERA CAMPINAS EIRELI; 06.093.114/0001-00;RUA ROMUALDO ANDREAZZI;430;.;JARDIM LEONOR;13041-030;GASOLINA ADITIVADA;17/05/2021;5,299;;R$ / litro;BRANCA;1º semestre;
;PR;UNIAO DA VITORIA;AUTO POSTO VERENKA 06 LTDA; 19.225.511/0001-30;RUA SALGADO FILHO;927;;CENTRO;84600-010;ETANOL;01/12/2021;5,55;;R$ / litro;BRANCA;2º semestre;S
SE;RJ;NOVA IGUACU;POSTO DE GASOLINA VASCO GAMA SOARES LTDA; 04.590.222/0001-62;ESTRADA ADRIANOPOLIS;2560;2600;BOTAFOGO;26210-000;ETANOL;01/03/2021;4,999;;R$ / litro;ALESAT;1º semestre;
;RS;SAO LEOPOLDO;PHOENIX II COMERCIO DE COMBUSTIVEIS LTDA; 25.137.101/0001-30;AVENIDA JOAO CORREA;1380;;FIAO;93020-588;GASOLINA ADITIVADA;30/09/2021;6,199;;R$ / litro;RAIZEN;2º semestre;S
;SP;CATANDUVA;IGNOTTI COMERCIO DE COMBUSTIVEIS E LUBRIFICANTES LTDA; 43.745.967/0001-05;AVENIDA COMENDADOR ANTONIO STOCCO;100;;PARQUE JOAQUIM LOPES;15800-610;DIESEL S10;25/10/2021;4,999;;R$ / litro;BRANCA;2º semestre;SE
;SP;TABOAO DA SERRA;AUTO POSTO DAS OLIVEIRAS KM 274 LTDA; 73.090.169/0001-53;RODOVIA REGIS BITTENCOURT;4551;KM 274;VILA SALETE;06793-100;DIESEL S10;29/11/2021;5,399;;R$ / litro;BRANCA;2º semestre;SE
;AL;MACEIO;AUTO POSTO AMELIA ROSA LTDA; 12.605.987/0001-57;AVENIDA DR ANTONIO GOMES DE BARROS;476;AO LADO DA                PRESENTARIA;JATIUCA;57036-000;GASOLINA;13/12/2021;6,549;;R$ / litro;VIBRA ENERGIA;2º semestre;NE
;SP;BARUERI;AUTOPOSTO  MACKENZIE LTDA; 27.547.537/0001-22;AVENIDA TUCUNARE;1498;;TAMBORE;06460-020;GASOLINA;16/12/2021;6,599;;R$ / litro;RAIZEN;2º semestre;SE
;RJ;SAQUAREMA;AUTO POSTO BACAXA SAQUAREMA LTDA; 40.161.465/0001-49;AVENIDA SAQUAREMA;4406;;PORTO DA ROCA;28990-001;GASOLINA ADITIVADA;16/11/2021;7,599;;R$ / litro;VIBRA ENERGIA;2º semestre;SE
NE;BA;SALVADOR;RODRIGUES TORRES COMERCIO E DERIVADOS DE PETROLEO LTDA; 73.413.601/0004-42;AVENIDA GARIBALDI;1291;;ONDINA;40170-130;ETANOL;02/06/2021;4,85;;R$ / litro;BRANCA;1º semestre;
NE;AL;ARAPIRACA;AUTO POSTO SAO FRANCISCO LTDA; 12.706.529/0001-04;RUA SAO FRANCISCO;274;;CENTRO;57300-080;ETANOL;16/06/2021;4,99;;R$ / litro;VIBRA ENERGIA;1º semestre;
;SP;CRUZEIRO;POSTO 3 ABASTECIMENTO DE COMBUSTIVEIS LTDA; 18.339.634/0001-39;AVENIDA GOVERNADOR JANIO QUADROS;389;;DOUTOR JOAO BATISTA;12720-000;ETANOL;18/10/2021;4,799;;R$ / litro;BRANCA;2º semestre;SE
;PR;PINHAIS;AUTO POSTO TISSU LTDA; 03.076.446/0001-98;RUA APUCARANA;769;;VL. EMILIANO PERNETA;83324-000;DIESEL;06/07/2021;4,259;;R$ / litro;BRANCA;2º semestre;S
SE;RJ;CABO FRIO;A O LESSA LTDA; 04.212.308/0001-51;AVENIDA TEIXEIRA E SOUZA;S/N;;VILA NOVA;28907-410;ETANOL;27/05/2021;5,79;;R$ / litro;RAIZEN;1º semestre;
SE;MG;BETIM;POSTO PANAMERA LTDA; 15.313.045/0001-93;AVENIDA BANDEIRANTES;1155;;CHACARA;32670-355;GASOLINA ADITIVADA;07/03/2021;5,625;;R$ / litro;VIBRA ENERGIA;1º semestre;
N;RO;PIMENTA BUENO;POSTO CARLOS GOMES LTDA - EPP; 14.344.156/0001-02;RUA CARLOS GOMES;221;;VILA NOVA;76970-000;DIESEL S10;06/06/2021;4,82;;R$ / litro;IPIRANGA;1º semestre;
CO;DF;BRASILIA;AUTO POSTO ESPLANADA LTDA; 00.365.320/0001-45; QS 05 RUA 800;S/N;LOTES 44/46;TAGUATINGA;71920-540;DIESEL;03/03/2021;4,399;;R$ / litro;IPIRANGA;1º semestre;
SE;RJ;SAQUAREMA;VERTICE DE SAQUAREMA AUTO POSTO LTDA; 08.000.653/0001-82;RUA PROFESSOR SOUZA;777;;BACAXA;28993-000;DIESEL;10/03/2021;4,299;;R$ / litro;BRANCA;1º semestre;
;PR;CASCAVEL;COMERCIO DE COMBUSTIVEIS ESTRELA DOURADA LTDA; 72.224.629/0001-26;RUA JORGE LACERDA;2528;;CANCELLI;85811-350;DIESEL S10;14/09/2021;4,54;;R$ / litro;BRANCA;2º semestre;S
S;RS;BAGE;F.F.STAEVIE COMBUSTIVEIS LTDA; 05.757.241/0003-65;AVENIDA JOSE DO PATROCINIO;298;;SAO JUDAS;96415-500;GASOLINA ADITIVADA;14/04/2021;6,696;;R$ / litro;VIBRA ENERGIA;1º semestre;
;CE;MARACANAU;SILVEIRA PETROLEO LTDA; 02.349.905/0001-05;AVENIDA OSORIO DE PAIVA;8003;;SIQUEIRA II;61901-410;DIESEL S10;08/07/2021;4,69;;R$ / litro;BRANCA;2º semestre;NE
SE;MG;UBERLANDIA;AUTO POSTO VIEIRA E MARTINS LTDA; 05.072.757/0001-04;AVENIDA JOAO NAVES DE AVILA;7,066;A;SANTA MONICA;38408-680;DIESEL;24/05/2021;4,579;;R$ / litro;BRANCA;1º semestre;
SE;SP;PIRASSUNUNGA;COOPERCITRUS COOPERATIVA DE PRODUTORES RURAIS; 45.236.791/0094-90;RUA SIQUEIRA CAMPOS;3996;;CENTRO;13631-018;DIESEL;12/04/2021;4,159;;R$ / litro;IPIRANGA;1º semestre;
;SP;RIO CLARO;AUTO POSTO CEU AZUL DE RIO CLARO LTDA; 10.603.724/0001-83;AVENIDA 5;167;;CENTRO;13500-380;DIESEL S10;16/11/2021;5,199;;R$ / litro;IPIRANGA;2º semestre;SE
SE;ES;VITORIA;POSTO SANTA RITA LTDA; 33.457.341/0001-40;AVENIDA FERNANDO FERRARI;3227;;JABOUR;29072-260;DIESEL S10;02/05/2021;4,199;;R$ / litro;IPIRANGA;1º semestre;
;RJ;BARRA MANSA;POSTO DE ABASTECIMENTO DE COMBUSTIVEIS VILA NOVA LTDA; 28.271.195/0001-23;RUA MAJOR JOSE BENTO;2137;;VILA NOVA;27320-712;DIESEL S10;29/07/2021;4,799;;R$ / litro;ALESAT;2º semestre;SE
;PI;TERESINA;ALENCAR  & RIBEIRO PETROLEO LTDA; 26.770.375/0001-24;AVENIDA BARAO DE GURGUEIA;1852;;VERMELHA;64018-290;ETANOL;16/11/2021;5,99;;R$ / litro;SABBÁ;2º semestre;NE
SE;SP;HORTOLANDIA;POSTO ABBA LTDA; 14.320.234/0001-20;AVENIDA JOAO COELHO;305;;CHACARA FAZENDA COELHO;13185-000;GASOLINA;27/01/2021;4,279;;R$ / litro;BRANCA;1º semestre;
;ES;LINHARES;AUTO POSTO E SERVICOS BNH LTDA; 07.584.368/0001-93;AVENIDA PRESIDENTE CAFE FILHO;SN;QUADRA 351-A;NOVO HORIZONTE;29902-400;GASOLINA ADITIVADA;06/09/2021;6,45;;R$ / litro;RAIZEN;2º semestre;SE
SE;RJ;SAO GONCALO;AUTO POSTO MONTEIROS DE SAO GONCALO LTDA; 22.043.273/0001-56;RUA DOUTOR NILO PECANHA;678;;ESTRELA DO NORTE;24450-000;ETANOL;17/03/2021;5,499;;R$ / litro;VIBRA ENERGIA;1º semestre;
;RJ;VOLTA REDONDA;POSTO BARBARA LTDA; 32.489.114/0001-33;VIA SERGIO BRAGA;1070;;PONTE ALTA;27265-601;DIESEL S10;29/11/2021;5,259;;R$ / litro;BRANCA;2º semestre;SE
S;PR;CURITIBA;AUTO POSTO NILO CAIRO LTDA; 86.851.425/0001-20;RUA TIBAGI;652;;CENTRO;80060-110;DIESEL;15/02/2021;3,499;;R$ / litro;BRANCA;1º semestre;
CO;GO;APARECIDA DE GOIANIA;AUTO POSTO NORTE SUL LTDA; 27.677.959/0001-12;AVENIDA W 1;SN;ESQUINA COM X-10    QUADRA11                  LOTE  040506;SITIOS SANTA LUZIA;74922-460;DIESEL S10;29/06/2021;4,599;;R$ / litro;RAIZEN;1º semestre;
S;RS;GRAVATAI;REDE DE POSTOS APOLO LTDA; 09.164.791/0001-60;RUA SAO LUIZ;35;;PARQUE OLINDA;94065-250;DIESEL;03/03/2021;3,969;;R$ / litro;IPIRANGA;1º semestre;
;PI;TERESINA;CACIQUE PETROLEO LTDA; 06.656.656/0022-78;AVENIDA DEPUTADO PAULO FERRAZ;1910;;TANCREDO NEVES;64076-005;ETANOL;17/11/2021;5,577;;R$ / litro;IPIRANGA;2º semestre;NE
;SP;ITAPETININGA;AUTO POSTO PAQUETA LTDA; 03.228.739/0001-43;AVENIDA WALDOMIRO DE CARVALHO;292;;VILA RIO BRANCO;18209-110;ETANOL;26/10/2021;5,199;;R$ / litro;VIBRA ENERGIA;2º semestre;SE
;PE;GARANHUNS;SETE COLINAS COMBUSTIVEIS LTDA; 04.214.720/0001-00;RUA MELO PEIXOTO;280;;SANTO ANTÔNIO;55293-190;DIESEL S10;29/09/2021;4,95;;R$ / litro;VIBRA ENERGIA;2º semestre;NE
;MT;ALTA FLORESTA;PETRA - COMERCIO DE DERIVADOS DE PETROLEO LTDA; 03.498.002/0001-40;AVENIDA AYRTON SENNA;630;SETOR NORTE 1             LOTE  01                  QUADRA02;BOM JESUS;78580-000;ETANOL;12/07/2021;4,49;;R$ / litro;SIMARELLI;2º semestre;CO
;SP;INDAIATUBA;AUTO POSTO SAO PAULO LIMITADA; 49.446.370/0001-46;RUA 11 DE JUNHO;1071;;CENTRO;13347-460;DIESEL;25/07/2021;4,599;;R$ / litro;BRANCA;2º semestre;SE
SE;RJ;RIO DE JANEIRO;POSTO MCA LTDA; 09.157.582/0001-99;ESTRADA DO MONTEIRO;1026;;CAMPO GRANDE;23045-830;DIESEL S10;29/03/2021;4,099;;R$ / litro;BRANCA;1º semestre;
;SP;SOROCABA;AUTO POSTO CORREA NETO SEMPRE ABASTECE ZONA OESTE SOROCABA LTDA; 28.300.995/0001-25;AVENIDA DOUTOR ARMANDO PANNUNZIO;439;449;JARDIM VERA CRUZ;18050-000;GASOLINA;22/08/2021;5,499;;R$ / litro;BRANCA;2º semestre;SE
;SP;SAO PAULO;AUTO POSTO CITY ARICANDUVA LTDA; 11.239.648/0001-31;RUA SEBASTIAO DE ANDRADE;99;;VILA MATILDE;03510-020;DIESEL S10;18/08/2021;4,699;;R$ / litro;BRANCA;2º semestre;SE
;SC;TUBARAO;REDE FURNAS COMERCIO DE COMBUSTIVEIS LTDA; 01.387.686/0010-79;AVENIDA PATRICIO LIMA;90;;HUMAITA;88704-410;GNV;14/10/2021;4,399;;R$ / m³;IPIRANGA;2º semestre;S
;RS;VACARIA;TELMO CLEMENTE GUIZOLFI & FILHO LTDA.; 05.444.847/0001-89;RUA ASSIS BRASIL;752;ESQ.C/RUA ST.ANTONIO;PETROPOLIS;95211-143;ETANOL;17/08/2021;6,29;;R$ / litro;BRANCA;2º semestre;S
;RS;VACARIA;SIM REDE DE POSTOS LTDA; 07.473.735/0126-00;ESTRADA FEDERAL BR 116;9290;;SANTA TEREZINHA;95200-000;GASOLINA;15/09/2021;6,499;;R$ / litro;VIBRA ENERGIA;2º semestre;S
SE;SP;ARACATUBA;W. DEMO DE MORAES COMBUSTÃVEIS LTDA.; 13.551.498/0001-22;RUA QUINZE DE NOVEMBRO;236;;CENTRO;16010-030;ETANOL;31/05/2021;3,879;;R$ / litro;BRANCA;1º semestre;
;MG;MONTES CLAROS;REDE HG COMBUSTIVEIS LTDA.; 13.569.064/0002-30;AVENIDA DOUTOR MARIO TOURINHO;S/N;"KM: 13;";ACACIAS;39410-000;GASOLINA ADITIVADA;06/10/2021;6,345;;R$ / litro;RAIZEN;2º semestre;SE
;SP;EMBU DAS ARTES;AUTO POSTO GROU LTDA; 23.037.092/0001-80;AVENIDA ROTARY;2040;;VILA ISIS CRISTINA;06815-490;GASOLINA ADITIVADA;04/10/2021;6,099;;R$ / litro;VIBRA ENERGIA;2º semestre;SE
SE;RJ;NOVA FRIBURGO;POSTO CARESTIATO DE FRIBURGO LTDA; 00.701.679/0001-46;RUA FERNANDO BIZZOTO;90;;CENTRO;28625-000;GASOLINA ADITIVADA;21/04/2021;6,089;;R$ / litro;BRANCA;1º semestre;
NE;SE;ARACAJU;A.C. COMERCIO DE COMBUSTIVEIS LTDA; 08.309.233/0002-63;AVENIDA ADELIA FRANCO;3380;;INACIO BARBOSA;49048-170;ETANOL;19/04/2021;4,49;;R$ / litro;RAIZEN;1º semestre;
N;AP;MACAPA;AUTOMOTO COMBUSTIVEIS DO AMAPA LTDA; 05.983.192/0003-89;RUA CANDIDO MENDES;167;;CENTRAL;68900-100;GASOLINA;20/04/2021;4,84;;R$ / litro;BRANCA;1º semestre;
;SP;PARAGUACU PAULISTA;AUTO POSTO IRMÃOS LIMA LTDA; 57.984.304/0001-58;AVENIDA BRASIL;374;0;CENTRO;19700-000;ETANOL;18/10/2021;4,758;;R$ / litro;VIBRA ENERGIA;2º semestre;SE
;SP;ITAPIRA;AUTO  POSTO SMC LTDA; 09.387.108/0001-53;RUA CONSELHEIRO  LAURINDO;458;;CUBATAO;13972-320;GASOLINA;05/09/2021;5,689;;R$ / litro;RAIZEN;2º semestre;SE
;RR;BOA VISTA;AUTO POSTO AMAZONMINAS LTDA; 00.940.665/0001-85;AVENIDA MINAS GERAIS;747;;DOS ESTADOS;69305-660;GASOLINA ADITIVADA;26/10/2021;6,29;;R$ / litro;SABBÁ;2º semestre;N
;PR;PARANAVAI;COMERCIAL DE COMBUSTIVEIS LOSANGO LTDA; 05.164.425/0001-50;AVENIDA DEPUTADO HEITOR DE ALENCAR FURTADO;3100; ;JARDIM SÃO JORGE;87711-000;DIESEL S10;12/07/2021;4,39;;R$ / litro;BRANCA;2º semestre;S
NE;CE;FORTALEZA;POSTO DLX DERIVADOS DE PETROLEO LTDA; 24.873.348/0001-51;RUA OSCAR FRANCA;2469;;GRANJA LISBOA;60540-375;DIESEL S10;02/05/2021;4,29;;R$ / litro;RAIZEN;1º semestre;
SE;SP;ARARAQUARA;AUTO POSTO ARARAQUARA LTDA; 43.949.742/0001-70;RUA ANTONIO PRADO;395;;CENTRO;14801-270;ETANOL;25/04/2021;3,59;;R$ / litro;BRANCA;1º semestre;
S;PR;COLOMBO;POSTO ALTO MARACANA LTDA; 23.807.926/0001-99;RUA ABEL SCUISSIATO;603;;ATUBA;83408-280;GASOLINA ADITIVADA;05/01/2021;4,499;;R$ / litro;PETROBRAS DISTRIBUIDORA S.A.;1º semestre;
NE;CE;FORTALEZA;DALLAS DERIVADOS DE PETROLEO LTDA; 10.478.691/0006-00;RUA ALVARO DE ALENCAR;787;;CARLITO PAMPLONA;60714-012;DIESEL S10;19/01/2021;3,899;;R$ / litro;PETROBRAS DISTRIBUIDORA S.A.;1º semestre;
SE;RJ;DUQUE DE CAXIAS;POSTO SAO CRISTOVAO LTDA; 29.320.058/0001-02;RODOVIA WASHINGTON LUIZ;14450;;JD PRIMAVERA;25055-009;DIESEL S10;24/02/2021;4,899;;R$ / litro;IPIRANGA;1º semestre;
;SP;BEBEDOURO;AUTO POSTO UNICOOP DE BEBEDOURO LTDA; 05.441.341/0001-16;AVENIDA QUITO STAMATO;22;;CENTRO;14700-440;GASOLINA;27/09/2021;5,849;;R$ / litro;RAIZEN;2º semestre;SE
;PE;CABO DE SANTO AGOSTINHO;M TACITO CORREIA & CIA LTDA; 08.894.271/0001-40;AVENIDA NOSSA SENHORA DO BOM CONSELHO;190;;PONTE DOS CARVALHOS;54580-430;GASOLINA;27/12/2021;6,599;;R$ / litro;RAIZEN;2º semestre;NE
CO;MS;CAMPO GRANDE;POSTO SAO JUDAS TADEU LTDA; 01.438.481/0001-84;RUA DA DIVISAO;1266;;AERO RANCHO;79081-650;GASOLINA;20/05/2021;5,754;;R$ / litro;BRANCA;1º semestre;
CO;MT;CUIABA;COMERCIAL AMAZONIA DE PETROLEO EIRELI; 09.001.879/0017-28;AVENIDA HISTORIADOR RUBENS DE MENDONCA;1,679;;BOSQUE DA SAUDE;78050-000;DIESEL S10;21/01/2021;4,099;;R$ / litro;PETROBRAS DISTRIBUIDORA S.A.;1º semestre;
;ES;GUARAPARI;VALOR POSTOS PRAIA DO MORRO LTDA; 09.076.862/0001-72;RODOVIA RODOVIA DO SOL;S/ NR;KM    41;AEROPORTO;29216-705;DIESEL S10;30/11/2021;5,299;;R$ / litro;VIBRA ENERGIA;2º semestre;SE
;SP;TABOAO DA SERRA;AUTO POSTO EUROPA LTDA.; 04.847.983/0001-57;ESTRADA BENEDITO CESARIO DE OLIVERIA;1970;;JD. RECORD;06767-281;DIESEL S10;04/10/2021;4,679;;R$ / litro;BRANCA;2º semestre;SE
;PE;RECIFE;J V R A FERREIRA COMBUSTIVEIS EIRELI; 30.194.580/0001-66;AVENIDA CAXANGA;4973;LOJA 0000;VARZEA;50740-000;DIESEL S10;10/08/2021;4,499;;R$ / litro;BRANCA;2º semestre;NE
NE;BA;SALVADOR;SOCOMBUSTIVEIS COMERCIO DE DERIVADOS DE PETROLEO LTDA; 04.604.158/0003-93;RUA DOUTOR JORGE ANDRADE;264;QUADRA 11;AGUAS CLARAS;41310-260;DIESEL;18/01/2021;3,47;;R$ / litro;BRANCA;1º semestre;
NE;PB;JOAO PESSOA;ESUTRA COMERCIO DE COMBUSTIVEIS LTDA; 04.209.860/0001-90;RUA JOSE HOLMES;S/N;LOTE 162 QD 352;ERNANI SATYRO;58080-400;GASOLINA ADITIVADA;02/05/2021;5,219;;R$ / litro;BRANCA;1º semestre;
NE;BA;SALVADOR;M-30 COMERCIO DE COMBUSTIVEIS LTDA; 04.794.669/0001-53;ESTRADA DA LIBERDADE;428;;LIBERDADE;40375-016;GASOLINA ADITIVADA;18/01/2021;4,61;;R$ / litro;BRANCA;1º semestre;
S;PR;CURITIBA;AUTO POSTO DELGADO MORO LTDA; 33.536.115/0001-54;RUA XV DE NOVEMBRO;3040;;ALTO DA RUA XV;80045-340;GASOLINA ADITIVADA;04/05/2021;5,499;;R$ / litro;IPIRANGA;1º semestre;
;GO;MORRINHOS;AUTO POSTO GENIN LTDA; 11.176.367/0001-87;RODOVIA GO 213;SNR;QUADRAA1                  LOTE  02;SETOR MORRO DA SAUDADE;75650-000;ETANOL;16/09/2021;4,76;;R$ / litro;BRANCA;2º semestre;CO
;SP;ARARAS;AUTO POSTO TREVO ARARENSE LTDA; 60.184.579/0001-11;AVENIDA ERNANI LACERDA DE OLIVEIRA;S/N;ESQUINA COM  RUA VICENTE BLANCO;PARQUE SANTA CANDIDA;13603-112;GASOLINA ADITIVADA;02/08/2021;5,499;;R$ / litro;BRANCA;2º semestre;SE
S;PR;PINHAIS;AUTO POSTO ESTRELA DO ORIENTE LTDA.; 11.486.527/0001-94;AVENIDA VINTE E QUATRO DE MAIO;170;;ESTANCIAS PINHAIS;83320-060;GASOLINA ADITIVADA;24/02/2021;4,89;;R$ / litro;BRANCA;1º semestre;
;SP;CACAPAVA;AUTO POSTO 4R LTDA.; 58.662.446/0001-61;RODOVIA PRESIDENTE DUTRA;S/N;KM 124;CAMPO GRANDE;12283-840;DIESEL S10;04/10/2021;4,899;;R$ / litro;RAIZEN;2º semestre;SE
;GO;APARECIDA DE GOIANIA;BATISTA & CAMARGO LTDA.; 06.113.782/0001-51;RUA MANGUAPE;S/N;QD.45 LT 7/9;VILA ALZIRA;74913-350;GASOLINA;30/09/2021;6,87;;R$ / litro;BRANCA;2º semestre;CO
;MG;MANHUACU;POSTO MAP LTDA; 03.209.283/0001-74;RUA FELIPE NACIF;136;;BAIXADA;36900-000;GASOLINA ADITIVADA;22/11/2021;7,419;;R$ / litro;RAIZEN;2º semestre;SE
;SP;BRAGANCA PAULISTA;AUTO POSTO SABELLA - JARDINS LTDA; 08.254.217/0001-30;RUA FELIPE SIQUEIRA;101;;JARDIM SANTA LUZIA;12919-494;DIESEL;13/09/2021;4,657;;R$ / litro;RAIZEN;2º semestre;SE
;MA;IMPERATRIZ;AUTO POSTO GUIMARAES LTDA; 02.855.790/0001-12;RUA   HENRIQUE DIAS;S/N;KM 1350;SAO JOSE DO EGITO;65901-140;GASOLINA ADITIVADA;29/11/2021;6,899;;R$ / litro;BRANCA;2º semestre;NE
;CE;FORTALEZA;PERIMETRAL COMERCIO DE COMBUSTIVEIS LTDA; 22.448.415/0001-65;RUA   DIOGO CORREIA;210;;JOÃO XXIII;60525-580;GASOLINA ADITIVADA;29/11/2021;7,15;;R$ / litro;RAIZEN;2º semestre;NE
;RS;VIAMAO;POSTO DE GASOLINA E LUBRIFICANTES BOLINHA LTDA; 89.810.881/0001-10;AVENIDA SENADOR SALGADO FILHO;5286;;VILA SAO LUCAS;94450-000;GASOLINA ADITIVADA;20/12/2021;7,099;;R$ / litro;IPIRANGA;2º semestre;S
;SP;MOGI MIRIM;AUTO POSTO RECREIO DE MOGI MIRIM EIRELI; 05.974.671/0001-77;AVENIDA VINTE E DOIS DE OUTUBRO;1250;;JARDIM AMERICA;13806-090;GASOLINA;17/08/2021;5,849;;R$ / litro;VIBRA ENERGIA;2º semestre;SE
;SP;SANTA CRUZ DO RIO PARDO;AUTO POSTO THATHIMA LTDA; 00.398.167/0002-33;AVENIDA CORONEL CLEMENTINO GONÇALVES;S/N;;SERRINHA;18900-000;DIESEL;21/12/2021;5,199;;R$ / litro;RAIZEN;2º semestre;SE
;RS;SAO GABRIEL;VACACAI COMBUSTIVEIS & LUBRIFICANTES LTDA; 93.417.202/0001-14;RUA DR FRANCISCO LEIVAS;566;;CENTRO;97300-010;DIESEL S10;15/12/2021;5,6;;R$ / litro;BRANCA;2º semestre;S
;SP;ITAPECERICA DA SERRA;AUTO POSTO LADEIRA DA SERRA LTDA; 59.195.032/0001-32;RUA MIGUEL ROTGER DOMINGUES;292;;CENTRO;06850-780;DIESEL S10;09/11/2021;5,299;;R$ / litro;VIBRA ENERGIA;2º semestre;SE
;PR;CORNELIO PROCOPIO;AUTO POSTO DO CRISTO LTDA; 30.572.294/0001-97;AVENIDA XV DE NOVEMBRO;14;;CENTRO;86000-000;GASOLINA;18/11/2021;6,71;;R$ / litro;BRANCA;2º semestre;S
;SP;FRANCA;AUTO POSTO SOUZA CUNHA LTDA; 04.930.554/0001-49;AVENIDA MAJOR NICACIO;2780;;VILA SANTA CRUZ;14403-460;GASOLINA;11/10/2021;5,959;;R$ / litro;BRANCA;2º semestre;SE
;SP;ARARAQUARA;AUTO POSTO RUA 16 LTDA; 07.060.206/0001-56;RUA CASTRO ALVES;2,647;;VILA SANTANA;14801-450;ETANOL;28/09/2021;4,349;;R$ / litro;BRANCA;2º semestre;SE
;PE;GARANHUNS;F3 COMBUSTIVEIS LTDA; 20.078.006/0001-99;AVENIDA JULIO BRASILEIRO;562;;HELIOPOLIS;55297-010;DIESEL S10;22/12/2021;5,459;;R$ / litro;IPIRANGA;2º semestre;NE
NE;PE;RECIFE;PETROCAL PETROLEO CAVALCANTI LIMITADA; 12.781.233/0005-81;AVENIDA NORTE MIGUEL ARRAES DE ALENCAR;3110;;ENCRUZILHADA;52041-080;GASOLINA ADITIVADA;17/02/2021;5,199;;R$ / litro;PETROBRAS DISTRIBUIDORA S.A.;1º semestre;
NE;BA;FEIRA DE SANTANA;TREVO DERIVADOS DE PETROLEO LTDA; 14.486.153/0013-39;AVENIDA TRANSNORDESTINA;2,3;TERREO;PARQUE IPE;44054-008;ETANOL;16/02/2021;3,81;;R$ / litro;BRANCA;1º semestre;
;MT;RONDONOPOLIS;AUTO POSTO MAXXIMUS LTDA; 31.252.955/0001-60;AVENIDA ARAO GOMES BEZERRA;654;LOTE  1/09;JARDIM TROPICAL;78715-192;DIESEL;20/10/2021;5,299;;R$ / litro;BRANCA;2º semestre;CO
;SP;POA;CENTRO AUTOMOTIVO REAL LESTE LTDA; 01.456.575/0001-86;AVENIDA LUCAS NOGUEIRA GARCEZ;677;;V STA MARIA;08563-100;GASOLINA;23/11/2021;6,599;;R$ / litro;IPIRANGA;2º semestre;SE
;SP;SAO JOSE DO RIO PRETO;POSTO SAO DOMINGOS RIO PRETO LTDA; 64.858.848/0001-39;AVENIDA MIRASSOLANDIA;1071;;ELDORADO;15045-000;GASOLINA ADITIVADA;23/08/2021;5,849;;R$ / litro;VIBRA ENERGIA;2º semestre;SE
;SP;LINS;AUTO POSTO RODOVIARIA DE LINS LTDA; 05.988.578/0001-11;AVENIDA TIRADENTES;2290;;CENTRO;16400-050;GASOLINA;26/07/2021;5,75;;R$ / litro;BRANCA;2º semestre;SE
S;PR;CURITIBA;AUTO POSTO AVENTADOR LTDA; 28.998.910/0001-24;AVENIDA PREFEITO ERASTO GAERTNER;308;;BACACHERI;82510-160;ETANOL;02/03/2021;3,899;;R$ / litro;IPIRANGA;1º semestre;
SE;SP;DIADEMA;AUTO POSTO ALVARES CABRAL LTDA; 55.506.737/0001-72; ALVARES CABRAL;573; ;SERRARIA;09981-030;GASOLINA;12/01/2021;4,199;;R$ / litro;BRANCA;1º semestre;
NE;PE;RECIFE;MEGA POSTO LTDA; 02.161.781/0001-21;AVENIDA MARECHAL MASC.DE MORAES;1022;;IMBIRIBEIRA;51170-000;DIESEL S10;19/01/2021;3,699;;R$ / litro;IPIRANGA;1º semestre;
SE;SP;BIRIGUI;VALTER GAVASSA COMBUSTIVEIS LTDA; 19.292.157/0001-66;AVENIDA AFIF JOSE ABDO;37;;RESIDENCIAL PORTAL DA PEROLA II;16201-413;GASOLINA ADITIVADA;17/03/2021;5,599;;R$ / litro;RAIZEN;1º semestre;
;MG;PASSOS;AUTO POSTO EXPEDICIONARIOS LTDA; 14.532.993/0001-57;AVENIDA JK;407;;JARDIM COLEGIO DE PASSOS;37901-000;GASOLINA;26/10/2021;6,979;;R$ / litro;BRANCA;2º semestre;SE
;CE;IGUATU;MENDONCA & ALEXANDRE COMBUSTIVEIS LTDA; 32.574.783/0001-03;RUA JULIO CAVALCANTE;50;;FLORES;63500-494;GASOLINA;18/08/2021;6,39;;R$ / litro;BRANCA;2º semestre;NE
SE;SP;SOROCABA;AUTO POSTO W'QUATRO LTDA; 10.434.857/0001-73;AVENIDA SAO PAULO;2269;;ALEM PONTE;18013-004;DIESEL;28/06/2021;4,459;;R$ / litro;IPIRANGA;1º semestre;
;SP;VOTORANTIM;AUTO POSTO MANGUEIRA VOTORANTIM E SERVICOS LTDA; 04.130.208/0001-86;AVENIDA REVERENDO JOSE MANOEL DA CONCEICAO;300;;B. DOS PROTESTANTES;18111-000;DIESEL S10;22/08/2021;4,499;;R$ / litro;BRANCA;2º semestre;SE
S;PR;SAO JOSE DOS PINHAIS;AUTO POSTO E MECANICA BARAO LTDA; 75.176.859/0001-55;RUA BARAO DO CERRO AZUL;1617;;BOM JESUS;83025-140;GASOLINA;07/04/2021;5,099;;R$ / litro;RAIZEN;1º semestre;
;SP;DIADEMA;PORTAL DOIS COMERCIO VAREJISTA DE COMBUSTIVEIS LTDA; 13.453.940/0001-88;AVENIDA CASA GRANDE;2471;;JARDIM DA CASA;09961-350;GASOLINA ADITIVADA;06/12/2021;6,399;;R$ / litro;IPIRANGA;2º semestre;SE
;SP;SAO VICENTE;AUTO POSTO ITARARE DE SAO VICENTE LTDA; 04.550.260/0001-91; MARTINS FONTES;1572;;BEIRA MAR;11340-010;ETANOL;12/07/2021;4,199;;R$ / litro;RAIZEN;2º semestre;SE
NE;PE;RECIFE;PETROCAL PETROLEO CAVALCANTI LIMITADA; 12.781.233/0006-62;AVENIDA ANTONIO DE GOES;218;;PINA;51010-000;GASOLINA;02/02/2021;4,999;;R$ / litro;PETROBRAS DISTRIBUIDORA S.A.;1º semestre;
;SP;PARAGUACU PAULISTA;AUTO POSTO KAWAKAMI LTDA; 28.973.159/0003-73;RUA PREF JOSE DELIBERADOR;323;SALA  1;CENTRO;19700-000;GASOLINA;29/11/2021;6,28;;R$ / litro;BRANCA;2º semestre;SE
S;RS;PORTO ALEGRE;COMERCIAL TRES FIGUEIRAS LTDA; 01.429.112/0001-25;AVENIDA PROF.CRISTIANO FISCHER;1950;;PARTENON;91410-000;GASOLINA ADITIVADA;03/02/2021;4,869;;R$ / litro;BRANCA;1º semestre;
S;PR;MARINGA;A E RODRIGUES GOMES - EIRELI; 28.153.257/0001-00;AVENIDA MANDACARU;1275;;VILA SANTA IZABEL;87080-000;DIESEL S10;20/04/2021;3,89;;R$ / litro;BRANCA;1º semestre;
;PR;FOZ DO IGUACU;CONSALTER & SILVA LTDA; 14.030.925/0001-90;AVENIDA FELIPE WANDSCHEER;4700;;JARDIM SAO PAULO I;85856-530;ETANOL;30/11/2021;5,39;;R$ / litro;BRANCA;2º semestre;S
;SP;SALTO;VIA REGIO AUTO CENTER LTDA; 00.401.856/0001-79;RUA RIO BRANCO;1470;;CENTRO;13320-271;ETANOL;10/11/2021;5,423;;R$ / litro;IPIRANGA;2º semestre;SE
SE;SP;RIO CLARO;AUTO POSTO CEU AZUL DE RIO CLARO LTDA; 10.603.724/0001-83;AVENIDA 5;167;;CENTRO;13500-380;DIESEL S10;15/06/2021;4,675;;R$ / litro;IPIRANGA;1º semestre;
;SP;GARCA;AUTO POSTO LÚDIO LTDA; 02.337.920/0001-25;RUA HEITOR PENTEADO;140;;CENTRO;17400-000;GASOLINA ADITIVADA;26/07/2021;5,599;;R$ / litro;BRANCA;2º semestre;SE
;MG;TEOFILO OTONI;RADECK DERIVADOS DE PETROLEO EIRELI; 28.947.215/0001-33;AVENIDA SIDONIO OTONI;1000;;JOAQUIM PEDROSA;39800-224;GASOLINA;27/07/2021;6,389;;R$ / litro;VIBRA ENERGIA;2º semestre;SE
SE;SP;VINHEDO;CENTER CAR AUTO POSTO GASPARINI LTDA; 64.974.611/0001-13;AVENIDA INDEPENDENCIA;5840;;RESIDENCIAL AQUARIO;13280-001;ETANOL;18/03/2021;4,149;;R$ / litro;RAIZEN;1º semestre;
S;SC;TUBARAO;ESTACAO PREMIER COMERCIO DE COMBUSTIVEIS LTDA; 01.354.648/0001-29;RUA SAO GERALDO;385;;OFICINAS;88701-020;GASOLINA ADITIVADA;09/06/2021;5,287;;R$ / litro;IPIRANGA;1º semestre;
;RS;BAGE;COMERCIAL INTERNACIONAL LTDA; 93.810.919/0001-21;RUA GAL.OSORIO;98;;CENTRO;96405-050;DIESEL S10;16/08/2021;5,299;;R$ / litro;IPIRANGA;2º semestre;S
;RS;PORTO ALEGRE;LUIZ GUSTAVO DI LORENZO GARCIA SCHERER; 34.792.562/0001-37;AVENIDA BENTO GONCALVES;2599;;PARTENON;90650-003;GASOLINA;17/11/2021;7,149;;R$ / litro;BRANCA;2º semestre;S
SE;MG;MURIAE;AUTO POSTO DORNELAS LTDA; 03.285.009/0002-65;RUA JOSE BORGES ABRANTES;33;;CENTRO;36880-063;GASOLINA;24/05/2021;6,099;;R$ / litro;IPIRANGA;1º semestre;
N;AC;RIO BRANCO;AUTO POSTO ACAUAN LTDA; 00.524.999/0001-78;RODOVIA AC 40;1800;;VILA ACRE;69902-450;ETANOL;10/03/2021;4,79;;R$ / litro;VIBRA ENERGIA;1º semestre;
;SP;ARACATUBA;W. DEMO DE MORAES COMBUSTÍVEIS LTDA.; 13.551.498/0001-22;RUA QUINZE DE NOVEMBRO;236;;CENTRO;16010-030;DIESEL S10;16/12/2021;5,499;;R$ / litro;BRANCA;2º semestre;SE
;RN;NATAL;COMERCIO & DERIVADOS DE PETROLEO PLANALTO LTDA; 32.543.640/0001-34;RUA MARCOS AUGUSTO TEIXEIRA DE CARVALHO FILHO;720;;PLANALTO;59073-350;DIESEL S10;17/11/2021;5,95;;R$ / litro;IPIRANGA;2º semestre;NE
;RJ;NOVA IGUACU;REALEZA DE IGUAÇU COMB. E PNEUS LTDA; 36.539.575/0001-24;AVENIDA GOVERNADOR ROBERTO SILVEIRA;1366;;POSSE;26285-060;GASOLINA;30/11/2021;7,349;;R$ / litro;VIBRA ENERGIA;2º semestre;SE
;SP;SANTOS;COMERCIAL ALVORADA CENTER LTDA; 46.198.081/0001-87;AVENIDA AFONSO PENA;55;;BOQUEIRAO;11020-001;GASOLINA;10/08/2021;5,999;;R$ / litro;RAIZEN;2º semestre;SE
;RJ;DUQUE DE CAXIAS;POSTO SANTA ALICE LTDA.; 29.329.075/0001-00;RODOVIA WASHINGTON LUIS;18520;3º DISTRITO;SANTA CRUZ DA SERRA;25255-000;GASOLINA;13/12/2021;7,197;;R$ / litro;IPIRANGA;2º semestre;SE
;MG;MONTES CLAROS;TREVO DERIVADOS DE PETROLEO LTDA; 14.486.153/0008-71; ANEL RODOVIARIO LESTE;5005;;SEDE;39401-708;ETANOL;13/09/2021;4,59;;R$ / litro;BRANCA;2º semestre;SE
NE;BA;SALVADOR;POSTO DE COMBUSTIVEIS PITANGUEIRAS LTDA; 20.975.790/0001-38;RUA  DAS PITANGUEIRAS;74;;MATATU;40255-436;GASOLINA;02/06/2021;5,85;;R$ / litro;BRANCA;1º semestre;
;SP;MOGI DAS CRUZES;REDE DE POSTOS SETE ESTRELAS LTDA; 45.694.437/0020-73;AVENIDA LOTHAR WALDEMAR HOEHNNE;1717;;RODEIO;08775-000;GASOLINA ADITIVADA;29/11/2021;6,299;;R$ / litro;BRANCA;2º semestre;SE
;MG;MANHUACU;AUTO POSTO NAZARAO REALEZA LTDA; 23.448.810/0001-00;RODOVIA BR 262;1325;;REALEZA;36900-000;GASOLINA ADITIVADA;22/11/2021;7,27;;R$ / litro;BRANCA;2º semestre;SE
;SP;SANTA CRUZ DO RIO PARDO;CASA AVENIDA COMERCIO DE COMBUSTIVEIS LTDA; 01.077.010/0005-11;RUA CATARINA ETSUCO UMEZU;835;;CENTRO;18900-000;GASOLINA;18/08/2021;5,499;;R$ / litro;BRANCA;2º semestre;SE
SE;RJ;SAO GONCALO;POSTO COLUBANDE LTDA; 31.704.463/0001-68;RUA CAP JUVENAL FIGUEIREDO;1 A 3;LOTES;COLUBANDE;24744-560;GASOLINA ADITIVADA;09/02/2021;4,899;;R$ / litro;BRANCA;1º semestre;
